time_s,setpoint_deg,angle_deg,angular_rate_deg_s,control_torque_nm,wind_torque_nm
0.0,0.0,0.0,0.0,0.0,0.0
0.002,0.0,0.0,0.0,0.0,0.0
0.004,0.0,0.0,0.0,0.0,0.0
0.006,0.0,0.0,0.0,0.0,0.0
0.008,0.0,0.0,0.0,0.0,0.0
0.01,0.0,0.0,0.0,0.0,0.0
0.012,0.0,0.0,0.0,0.0,0.0
0.014,0.0,0.0,0.0,0.0,0.0
0.016,0.0,0.0,0.0,0.0,0.0
0.018000000000000002,0.0,0.0,0.0,0.0,0.0
0.02,0.0,0.0,0.0,0.0,0.0
0.022,0.0,0.0,0.0,0.0,0.0
0.024,0.0,0.0,0.0,0.0,0.0
0.026000000000000002,0.0,0.0,0.0,0.0,0.0
0.028,0.0,0.0,0.0,0.0,0.0
0.03,0.0,0.0,0.0,0.0,0.0
0.032,0.0,0.0,0.0,0.0,0.0
0.034,0.0,0.0,0.0,0.0,0.0
0.036000000000000004,0.0,0.0,0.0,0.0,0.0
0.038,0.0,0.0,0.0,0.0,0.0
0.04,0.0,0.0,0.0,0.0,0.0
0.042,0.0,0.0,0.0,0.0,0.0
0.044,0.0,0.0,0.0,0.0,0.0
0.046,0.0,0.0,0.0,0.0,0.0
0.048,0.0,0.0,0.0,0.0,0.0
0.05,0.0,0.0,0.0,0.0,0.0
0.052000000000000005,0.0,0.0,0.0,0.0,0.0
0.054,0.0,0.0,0.0,0.0,0.0
0.056,0.0,0.0,0.0,0.0,0.0
0.058,0.0,0.0,0.0,0.0,0.0
0.06,0.0,0.0,0.0,0.0,0.0
0.062,0.0,0.0,0.0,0.0,0.0
0.064,0.0,0.0,0.0,0.0,0.0
0.066,0.0,0.0,0.0,0.0,0.0
0.068,0.0,0.0,0.0,0.0,0.0
0.07,0.0,0.0,0.0,0.0,0.0
0.07200000000000001,0.0,0.0,0.0,0.0,0.0
0.074,0.0,0.0,0.0,0.0,0.0
0.076,0.0,0.0,0.0,0.0,0.0
0.078,0.0,0.0,0.0,0.0,0.0
0.08,0.0,0.0,0.0,0.0,0.0
0.082,0.0,0.0,0.0,0.0,0.0
0.084,0.0,0.0,0.0,0.0,0.0
0.08600000000000001,0.0,0.0,0.0,0.0,0.0
0.088,0.0,0.0,0.0,0.0,0.0
0.09,0.0,0.0,0.0,0.0,0.0
0.092,0.0,0.0,0.0,0.0,0.0
0.094,0.0,0.0,0.0,0.0,0.0
0.096,0.0,0.0,0.0,0.0,0.0
0.098,0.0,0.0,0.0,0.0,0.0
0.1,0.0,0.0,0.0,0.0,0.0
0.10200000000000001,0.0,0.0,0.0,0.0,0.0
0.10400000000000001,0.0,0.0,0.0,0.0,0.0
0.106,0.0,0.0,0.0,0.0,0.0
0.108,0.0,0.0,0.0,0.0,0.0
0.11,0.0,0.0,0.0,0.0,0.0
0.112,0.0,0.0,0.0,0.0,0.0
0.114,0.0,0.0,0.0,0.0,0.0
0.116,0.0,0.0,0.0,0.0,0.0
0.11800000000000001,0.0,0.0,0.0,0.0,0.0
0.12,0.0,0.0,0.0,0.0,0.0
0.122,0.0,0.0,0.0,0.0,0.0
0.124,0.0,0.0,0.0,0.0,0.0
0.126,0.0,0.0,0.0,0.0,0.0
0.128,0.0,0.0,0.0,0.0,0.0
0.13,0.0,0.0,0.0,0.0,0.0
0.132,0.0,0.0,0.0,0.0,0.0
0.134,0.0,0.0,0.0,0.0,0.0
0.136,0.0,0.0,0.0,0.0,0.0
0.138,0.0,0.0,0.0,0.0,0.0
0.14,0.0,0.0,0.0,0.0,0.0
0.14200000000000002,0.0,0.0,0.0,0.0,0.0
0.14400000000000002,0.0,0.0,0.0,0.0,0.0
0.146,0.0,0.0,0.0,0.0,0.0
0.148,0.0,0.0,0.0,0.0,0.0
0.15,0.0,0.0,0.0,0.0,0.0
0.152,0.0,0.0,0.0,0.0,0.0
0.154,0.0,0.0,0.0,0.0,0.0
0.156,0.0,0.0,0.0,0.0,0.0
0.158,0.0,0.0,0.0,0.0,0.0
0.16,0.0,0.0,0.0,0.0,0.0
0.162,0.0,0.0,0.0,0.0,0.0
0.164,0.0,0.0,0.0,0.0,0.0
0.166,0.0,0.0,0.0,0.0,0.0
0.168,0.0,0.0,0.0,0.0,0.0
0.17,0.0,0.0,0.0,0.0,0.0
0.17200000000000001,0.0,0.0,0.0,0.0,0.0
0.17400000000000002,0.0,0.0,0.0,0.0,0.0
0.176,0.0,0.0,0.0,0.0,0.0
0.178,0.0,0.0,0.0,0.0,0.0
0.18,0.0,0.0,0.0,0.0,0.0
0.182,0.0,0.0,0.0,0.0,0.0
0.184,0.0,0.0,0.0,0.0,0.0
0.186,0.0,0.0,0.0,0.0,0.0
0.188,0.0,0.0,0.0,0.0,0.0
0.19,0.0,0.0,0.0,0.0,0.0
0.192,0.0,0.0,0.0,0.0,0.0
0.194,0.0,0.0,0.0,0.0,0.0
0.196,0.0,0.0,0.0,0.0,0.0
0.198,0.0,0.0,0.0,0.0,0.0
0.2,0.0,0.0,0.0,0.0,0.0
0.202,0.0,0.0,0.0,0.0,0.0
0.20400000000000001,0.0,0.0,0.0,0.0,0.0
0.20600000000000002,0.0,0.0,0.0,0.0,0.0
0.20800000000000002,0.0,0.0,0.0,0.0,0.0
0.21,0.0,0.0,0.0,0.0,0.0
0.212,0.0,0.0,0.0,0.0,0.0
0.214,0.0,0.0,0.0,0.0,0.0
0.216,0.0,0.0,0.0,0.0,0.0
0.218,0.0,0.0,0.0,0.0,0.0
0.22,0.0,0.0,0.0,0.0,0.0
0.222,0.0,0.0,0.0,0.0,0.0
0.224,0.0,0.0,0.0,0.0,0.0
0.226,0.0,0.0,0.0,0.0,0.0
0.228,0.0,0.0,0.0,0.0,0.0
0.23,0.0,0.0,0.0,0.0,0.0
0.232,0.0,0.0,0.0,0.0,0.0
0.234,0.0,0.0,0.0,0.0,0.0
0.23600000000000002,0.0,0.0,0.0,0.0,0.0
0.23800000000000002,0.0,0.0,0.0,0.0,0.0
0.24,0.0,0.0,0.0,0.0,0.0
0.242,0.0,0.0,0.0,0.0,0.0
0.244,0.0,0.0,0.0,0.0,0.0
0.246,0.0,0.0,0.0,0.0,0.0
0.248,0.0,0.0,0.0,0.0,0.0
0.25,0.0,0.0,0.0,0.0,0.0
0.252,0.0,0.0,0.0,0.0,0.0
0.254,0.0,0.0,0.0,0.0,0.0
0.256,0.0,0.0,0.0,0.0,0.0
0.258,0.0,0.0,0.0,0.0,0.0
0.26,0.0,0.0,0.0,0.0,0.0
0.262,0.0,0.0,0.0,0.0,0.0
0.264,0.0,0.0,0.0,0.0,0.0
0.266,0.0,0.0,0.0,0.0,0.0
0.268,0.0,0.0,0.0,0.0,0.0
0.27,0.0,0.0,0.0,0.0,0.0
0.272,0.0,0.0,0.0,0.0,0.0
0.274,0.0,0.0,0.0,0.0,0.0
0.276,0.0,0.0,0.0,0.0,0.0
0.278,0.0,0.0,0.0,0.0,0.0
0.28,0.0,0.0,0.0,0.0,0.0
0.28200000000000003,0.0,0.0,0.0,0.0,0.0
0.28400000000000003,0.0,0.0,0.0,0.0,0.0
0.28600000000000003,0.0,0.0,0.0,0.0,0.0
0.28800000000000003,0.0,0.0,0.0,0.0,0.0
0.29,0.0,0.0,0.0,0.0,0.0
0.292,0.0,0.0,0.0,0.0,0.0
0.294,0.0,0.0,0.0,0.0,0.0
0.296,0.0,0.0,0.0,0.0,0.0
0.298,0.0,0.0,0.0,0.0,0.0
0.3,0.0,0.0,0.0,0.0,0.0
0.302,0.0,0.0,0.0,0.0,0.0
0.304,0.0,0.0,0.0,0.0,0.0
0.306,0.0,0.0,0.0,0.0,0.0
0.308,0.0,0.0,0.0,0.0,0.0
0.31,0.0,0.0,0.0,0.0,0.0
0.312,0.0,0.0,0.0,0.0,0.0
0.314,0.0,0.0,0.0,0.0,0.0
0.316,0.0,0.0,0.0,0.0,0.0
0.318,0.0,0.0,0.0,0.0,0.0
0.32,0.0,0.0,0.0,0.0,0.0
0.322,0.0,0.0,0.0,0.0,0.0
0.324,0.0,0.0,0.0,0.0,0.0
0.326,0.0,0.0,0.0,0.0,0.0
0.328,0.0,0.0,0.0,0.0,0.0
0.33,0.0,0.0,0.0,0.0,0.0
0.332,0.0,0.0,0.0,0.0,0.0
0.334,0.0,0.0,0.0,0.0,0.0
0.336,0.0,0.0,0.0,0.0,0.0
0.338,0.0,0.0,0.0,0.0,0.0
0.34,0.0,0.0,0.0,0.0,0.0
0.342,0.0,0.0,0.0,0.0,0.0
0.34400000000000003,0.0,0.0,0.0,0.0,0.0
0.34600000000000003,0.0,0.0,0.0,0.0,0.0
0.34800000000000003,0.0,0.0,0.0,0.0,0.0
0.35000000000000003,0.0,0.0,0.0,0.0,0.0
0.352,0.0,0.0,0.0,0.0,0.0
0.354,0.0,0.0,0.0,0.0,0.0
0.356,0.0,0.0,0.0,0.0,0.0
0.358,0.0,0.0,0.0,0.0,0.0
0.36,0.0,0.0,0.0,0.0,0.0
0.362,0.0,0.0,0.0,0.0,0.0
0.364,0.0,0.0,0.0,0.0,0.0
0.366,0.0,0.0,0.0,0.0,0.0
0.368,0.0,0.0,0.0,0.0,0.0
0.37,0.0,0.0,0.0,0.0,0.0
0.372,0.0,0.0,0.0,0.0,0.0
0.374,0.0,0.0,0.0,0.0,0.0
0.376,0.0,0.0,0.0,0.0,0.0
0.378,0.0,0.0,0.0,0.0,0.0
0.38,0.0,0.0,0.0,0.0,0.0
0.382,0.0,0.0,0.0,0.0,0.0
0.384,0.0,0.0,0.0,0.0,0.0
0.386,0.0,0.0,0.0,0.0,0.0
0.388,0.0,0.0,0.0,0.0,0.0
0.39,0.0,0.0,0.0,0.0,0.0
0.392,0.0,0.0,0.0,0.0,0.0
0.394,0.0,0.0,0.0,0.0,0.0
0.396,0.0,0.0,0.0,0.0,0.0
0.398,0.0,0.0,0.0,0.0,0.0
0.4,0.0,0.0,0.0,0.0,0.0
0.402,0.0,0.0,0.0,0.0,0.0
0.404,0.0,0.0,0.0,0.0,0.0
0.406,0.0,0.0,0.0,0.0,0.0
0.40800000000000003,0.0,0.0,0.0,0.0,0.0
0.41000000000000003,0.0,0.0,0.0,0.0,0.0
0.41200000000000003,0.0,0.0,0.0,0.0,0.0
0.41400000000000003,0.0,0.0,0.0,0.0,0.0
0.41600000000000004,0.0,0.0,0.0,0.0,0.0
0.418,0.0,0.0,0.0,0.0,0.0
0.42,0.0,0.0,0.0,0.0,0.0
0.422,0.0,0.0,0.0,0.0,0.0
0.424,0.0,0.0,0.0,0.0,0.0
0.426,0.0,0.0,0.0,0.0,0.0
0.428,0.0,0.0,0.0,0.0,0.0
0.43,0.0,0.0,0.0,0.0,0.0
0.432,0.0,0.0,0.0,0.0,0.0
0.434,0.0,0.0,0.0,0.0,0.0
0.436,0.0,0.0,0.0,0.0,0.0
0.438,0.0,0.0,0.0,0.0,0.0
0.44,0.0,0.0,0.0,0.0,0.0
0.442,0.0,0.0,0.0,0.0,0.0
0.444,0.0,0.0,0.0,0.0,0.0
0.446,0.0,0.0,0.0,0.0,0.0
0.448,0.0,0.0,0.0,0.0,0.0
0.45,0.0,0.0,0.0,0.0,0.0
0.452,0.0,0.0,0.0,0.0,0.0
0.454,0.0,0.0,0.0,0.0,0.0
0.456,0.0,0.0,0.0,0.0,0.0
0.458,0.0,0.0,0.0,0.0,0.0
0.46,0.0,0.0,0.0,0.0,0.0
0.462,0.0,0.0,0.0,0.0,0.0
0.464,0.0,0.0,0.0,0.0,0.0
0.466,0.0,0.0,0.0,0.0,0.0
0.468,0.0,0.0,0.0,0.0,0.0
0.47000000000000003,0.0,0.0,0.0,0.0,0.0
0.47200000000000003,0.0,0.0,0.0,0.0,0.0
0.47400000000000003,0.0,0.0,0.0,0.0,0.0
0.47600000000000003,0.0,0.0,0.0,0.0,0.0
0.47800000000000004,0.0,0.0,0.0,0.0,0.0
0.48,0.0,0.0,0.0,0.0,0.0
0.482,0.0,0.0,0.0,0.0,0.0
0.484,0.0,0.0,0.0,0.0,0.0
0.486,0.0,0.0,0.0,0.0,0.0
0.488,0.0,0.0,0.0,0.0,0.0
0.49,0.0,0.0,0.0,0.0,0.0
0.492,0.0,0.0,0.0,0.0,0.0
0.494,0.0,0.0,0.0,0.0,0.0
0.496,0.0,0.0,0.0,0.0,0.0
0.498,0.0,0.0,0.0,0.0,0.0
0.5,10.0,0.007333859777674537,3.666929888837269,0.08,0.0
0.502,10.0,0.02188423757658082,7.275188899453141,0.08,0.0
0.504,10.0,0.043535669108379145,10.82571576589916,0.08,0.0
0.506,10.0,0.07217453751334323,14.319434202482043,0.08,0.0
0.508,10.0,0.10768904380150243,17.7572531440796,0.08,0.0
0.51,10.0,0.1499691777667256,21.140066982611597,0.08,0.0
0.512,10.0,0.19890668936617978,24.468755799727077,0.08,0.0
0.514,10.0,0.2543791418357308,27.73622623477549,0.0798263536803918,0.0
0.516,10.0,0.3161377713497687,30.879314757018957,0.07825332364098671,0.0
0.518,10.0,0.3839325594742258,33.89739406222855,0.07662319046815581,0.0
0.52,10.0,0.4575136048192221,36.790522672498156,0.07495069760070285,0.0
0.522,10.0,0.5366321568649519,39.559276022864935,0.07324714275769985,0.0
0.524,10.0,0.6210413984660746,42.204620800561386,0.07152126260263555,0.0
0.526,10.0,0.7104970410278397,44.72782128088257,0.06977988693739341,0.0
0.528,10.0,0.8047577797032534,47.130369337706775,0.06802842250811748,0.0
0.53,10.0,0.9035856436551455,49.41393197594603,0.066271210843483,0.0
0.532,10.0,1.006746267329113,51.58031183698384,0.06451179296674421,0.0
0.534,10.0,1.1140091019568665,53.631417313876796,0.06275310526205358,0.0
0.536,10.0,1.2251475815363204,55.56923978972695,0.06099762444618174,0.0
0.538,10.0,1.3399392538578077,57.395836160743556,0.05924747491724412,0.0
0.54,10.0,1.4581658844271492,59.11331528467083,0.057504508292302164,0.0
0.542,10.0,1.5796135391261594,60.72382734950516,0.055770362387804036,0.0
0.544,10.0,1.7040726499647991,62.22955541931978,0.05404650500568421,0.0
0.546,10.0,1.8313380671800619,63.63270860763138,0.052334266489754845,0.0
0.548,10.0,1.9612091001238194,64.93551647187883,0.05063486398329793,0.0
0.55,10.0,2.093489548780618,66.14022432839936,0.048949419554504284,0.0
0.552,10.0,2.227987727311636,67.24908926550879,0.04727897379136371,0.0
0.554,10.0,2.3645164806918664,68.26437669011536,0.04562449604986202,0.0
0.556,10.0,2.5028931952639395,69.18835728603658,0.04398689223048946,0.0
0.558,10.0,2.6429398038514975,70.0233042937791,0.04236701072972773,0.0
0.56,10.0,2.7844827859412744,70.77149104488853,0.04076564704437023,0.0
0.562,10.0,2.9273531633437333,71.43518870122944,0.039183547381727885,0.0
0.5640000000000001,10.0,3.0713864916683393,72.01666416230316,0.03762141153650883,0.0
0.5660000000000001,10.0,3.2164228478945978,72.51817811312914,0.03607989522695179,0.0
0.5680000000000001,10.0,3.3623068142789387,72.9419831921706,0.03455961203237129,0.0
0.5700000000000001,10.0,3.5088874588067824,73.29032226392162,0.033061135037000054,0.0
0.5720000000000001,10.0,3.656018312375909,73.56542678456346,0.03158499825746375,0.0
0.5740000000000001,10.0,3.803557342879699,73.76951525189483,0.030131697910860504,0.0
0.5760000000000001,10.0,3.951366926345305,73.90479173280325,0.02870169356536873,0.0
0.578,10.0,4.099313815271435,73.97344446306441,0.027295409204188166,0.0
0.58,10.0,4.247269104302185,73.977644515375,0.025913234225402704,0.0
0.582,10.0,4.39510819336688,73.91954453234759,0.02455552439428777,0.0
0.584,10.0,4.54271074841048,73.80127752180029,0.02322260276010408,0.0
0.586,10.0,4.689960659834714,73.62495571211723,0.021914760546114458,0.0
0.588,10.0,4.836745998766274,73.39266946577985,0.02063225801912193,0.0
0.59,10.0,4.982958971265087,73.1064862494062,0.019375325343030915,0.0
0.592,10.0,5.128495870582701,72.76844965880716,0.018144163419610244,0.0
0.594,10.0,5.273257027578089,72.38057849769423,0.016938944718665888,0.0
0.596,10.0,5.4171467593956155,71.94486590876325,0.015759814099117028,0.0
0.598,10.0,5.560073316507504,71.46327855594396,0.01460688962194941,0.0
0.6,10.0,5.7019488282208055,70.93775585665121,0.013480263355638445,0.0
0.602,10.0,5.842689246746621,70.37020926290768,0.012380002174360156,0.0
0.604,10.0,5.982214289927082,69.76252159023072,0.011306148549109864,0.0
0.606,10.0,6.120447382713468,69.11654639319312,0.010258721331706487,0.0
0.608,10.0,6.2573155974866275,68.43410738657944,0.009237716531562523,0.0
0.61,10.0,6.392749593308763,67.7169979110681,0.00824310808503062,0.0
0.612,10.0,6.526683554193515,66.9669804423758,0.007274848617092631,0.0
0.614,10.0,6.659055126479127,66.18578614280584,0.006332870195128747,0.0
0.616,10.0,6.7898053553874185,65.37511445414614,0.005417085074488209,0.0
0.618,10.0,6.918878620849151,64.5366327308664,0.004527386435575213,0.0
0.62,10.0,7.046222572674287,63.67197591256762,0.003663649112163953,0.0
0.622,10.0,7.171788065143569,62.78274623464096,0.002825730310660454,0.0
0.624,10.0,7.295529091095763,61.87051297609706,0.002013470320036452,0.0
0.626,10.0,7.417402715582825,60.936812243531286,0.0012266932121706223,0.0
0.628,10.0,7.537369009163217,59.9831467901956,0.00046520753234416054,0.0
0.63,10.0,7.655390980901522,59.01098586915296,-0.0002711930203487603,0.0
0.632,10.0,7.771434511140516,58.02176511949632,-0.0009827289229022498,0.0
0.634,10.0,7.8854682841097565,57.016886484620805,-0.0016696341688244992,0.0
0.636,10.0,7.9974637204328465,55.997718161544704,-0.0023321556192842374,0.0
0.638,10.0,8.107394909593411,54.965594580282826,-0.00297055236516321,0.0
0.64,10.0,8.215238542417978,53.92181641228357,-0.003585095100181186,0.0
0.642,10.0,8.32097384363188,52.86765060695023,-0.0041760655052503134,0.0
0.644,10.0,8.42458250454243,51.80433045527593,-0.004743755644197201,0.0
0.646,10.0,8.526048615901693,50.73305567963166,-0.005288467370980328,0.0
0.648,10.0,8.625358600999208,49.65499254875666,-0.005810511748515431,0.0
0.65,10.0,8.722501149033231,48.57127401701155,-0.006310208479207612,0.0
0.652,10.0,8.817467148807161,47.4829998869652,-0.006787885347277617,0.0
0.654,10.0,8.91024962279596,46.391236994398255,-0.007243877672955198,0.0
0.656,10.0,9.000843661625593,45.29701941481762,-0.007678527778601639,0.0
0.658,10.0,9.08924635900677,44.201348690588915,-0.00809218446680993,0.0
0.66,10.0,9.175456747162384,43.10519407780616,-0.008485202510521084,0.0
0.662,10.0,9.259475732786445,42.00949281203087,-0.008857942155182673,0.0
0.664,10.0,9.341306033570538,40.91515039204611,-0.009210768632964418,0.0
0.666,10.0,9.420952115332106,39.82304088078417,-0.009544051689036496,0.0
0.668,10.0,9.498420129777308,38.73400722260074,-0.00985816511990447,0.0
0.67,10.0,9.573717852929471,37.64886157608176,-0.010153486323785538,0.0
0.672,10.0,9.64685462425264,36.56838566158394,-0.01043039586300048,0.0
0.674,10.0,9.717841286498087,35.49333112272384,-0.01068927703834811,0.0
0.676,10.0,9.786690126300176,34.42441990104514,-0.010930515475418113,0.0
0.678,10.0,9.853414815546392,33.36234462310845,-0.011154498722790455,0.0
0.68,10.0,9.918030353544918,32.30776899926269,-0.011361615862061776,0.0
0.682,10.0,9.980553010011661,31.261328233372296,-0.01155225712963043,0.0
0.684,10.0,10.04100026889724,30.22362944278933,-0.011726813550164613,0.0
0.686,10.0,10.09939077307299,29.19525208787493,-0.011885676581670772,0.0
0.6880000000000001,10.0,10.15574426989377,28.176748410389653,-0.01202923777207234,0.0
0.6900000000000001,10.0,10.210081557653945,27.168643880087703,-0.0121578884272024,0.0
0.6920000000000001,10.0,10.262424432951676,26.171437648865282,-0.012272019290107112,0.0
0.6940000000000001,10.0,10.312795638975333,25.185603011828743,-0.012372020231551527,0.0
0.6960000000000001,10.0,10.36121881472466,24.211587874663625,-0.012458279951612108,0.0
0.6980000000000001,10.0,10.407718445178062,23.249815226701088,-0.012531185692236933,0.0
0.7000000000000001,10.0,10.452319812416249,22.30068361909359,-0.012591122960647176,0.0
0.7020000000000001,10.0,10.495048947711304,21.36456764752715,-0.012638475263450077,0.0
0.704,10.0,10.53593258458913,20.44181843891274,-0.012673623851328641,0.0
0.706,10.0,10.57499811287216,19.532764141514843,-0.012696947474167993,0.0
0.708,10.0,10.612273533708139,18.637710417990235,-0.012708822146475991,0.0
0.71,10.0,10.647787415589791,17.756940940825444,-0.012709620922949649,0.0
0.712,10.0,10.681568851369143,16.89071788967632,-0.012699713684037706,0.0
0.714,10.0,10.7136474162694,16.039282450128127,-0.012679466931344177,0.0
0.716,10.0,10.744053126896219,15.202855313409664,-0.012649243592715837,0.0
0.718,10.0,10.772816401249438,14.3816371766095,-0.012609402836853845,0.0
0.72,10.0,10.799968019735353,13.575809242957273,-0.012560299897286058,0.0
0.722,10.0,10.825539087178848,12.785533721747521,-0.012502285905534923,0.0
0.724,10.0,10.849560995833844,12.010954327497902,-0.012435707733313678,0.0
0.726,10.0,10.872065389389741,11.25219677794803,-0.012360907843581605,0.0
0.728,10.0,10.89308412797078,10.509369290519267,-0.012278224150286066,0.0
0.73,10.0,10.91264925412452,9.78256307686979,-0.012187989886620048,0.0
0.732,10.0,10.930792959794905,9.071852835193134,-0.01209053348161977,0.0
0.734,10.0,10.94754755427475,8.37729723992201,-0.011986178444927779,0.0
0.736,10.0,10.962945433131777,7.698939428512783,-0.011875243259544775,0.0
0.738,10.0,10.977019048101775,7.0368074849992075,-0.01175804128239309,0.0
0.74,10.0,10.989800877941809,6.390914920017238,-0.011634880652514125,0.0
0.742,10.0,11.00132340023584,5.761261147015608,-0.011506064206721678,0.0
0.744,10.0,11.0116190641446,5.147831954379653,-0.011371889402531997,0.0
0.746,10.0,11.020720264091016,4.550599973208426,-0.011232648248192374,0.0
0.748,10.0,11.02865931437201,3.969525140497427,-0.011088627239629662,0.0
0.75,10.0,11.035468424686995,3.404555157491518,-0.010940107304139496,0.0
0.752,10.0,11.041179676572963,2.8556259429844366,-0.010787363750638861,0.0
0.754,10.0,11.045825000735668,2.3226620813531063,-0.010630666226303811,0.0
0.756,10.0,11.049436155265923,1.8055772651264272,-0.010470278679414967,0.0
0.758,10.0,11.052044704729722,1.3042747318995234,-0.01030645932823497,0.0
0.76,10.0,11.053682000120553,0.8186476954155258,-0.010139460635741218,0.0
0.762,10.0,11.054379159661849,0.3485797706477811,-0.009969529290040392,0.0
0.764,10.0,11.0541670504473,-0.10605460727396797,-0.009796906190290411,0.0
0.766,10.0,11.053076270906422,-0.5453897704394685,-0.009621826437957427,0.0
0.768,10.0,11.051137134082477,-0.9695684119717852,-0.009444519333236912,0.0
0.77,10.0,11.048379651709668,-1.378741186404983,-0.009265208376469028,0.0
0.772,10.0,11.044833519076185,-1.7730663167418483,-0.009084111274379992,0.0
0.774,10.0,11.040528100659587,-2.1527092082983383,-0.008901439950982743,0.0
0.776,10.0,11.035492416520723,-2.5178420694321715,-0.008717400562971912,0.0
0.778,10.0,11.029755129442236,-2.868643539243927,-0.008532193519449652,0.0
0.78,10.0,11.023344532797575,-3.2052983223301963,-0.008346013505820796,0.0
0.782,10.0,11.016288539136257,-3.5279968306597906,-0.008159049511698458,0.0
0.784,10.0,11.008614669470985,-3.836934832635568,-0.007971484862661334,0.0
0.786,10.0,11.000350043252192,-4.132313109396387,-0.007783497255708138,0.0
0.788,10.0,10.99152136901538,-4.414337118405751,-0.007595258798255267,0.0
0.79,10.0,10.98215493568665,-4.683216664366024,-0.00740693605052632,0.0
0.792,10.0,10.97227660453167,-4.9391655774896535,-0.007218690071184392,0.0
0.794,10.0,10.961911801733367,-5.18240139915161,-0.007030676466060833,0.0
0.796,10.0,10.951085511583488,-5.41314507494022,-0.006843045439835103,0.0
0.798,10.0,10.939822270273254,-5.631620655116797,-0.006655941850524082,0.0
0.8,10.0,10.928146160268277,-5.838055002487877,-0.0064695052666409805,0.0
0.802,10.0,10.916080805252902,-6.032677507687562,-0.006283870026886643,0.0
0.804,10.0,10.903649365629178,-6.2157198118612484,-0.0060991653022378035,0.0
0.806,10.0,10.890874534555707,-6.387415536736176,-0.0059155151603006925,0.0
0.808,10.0,10.87777853451159,-6.548000022058459,-0.005733038631799665,0.0
0.81,10.0,10.864383114370847,-6.6977100703707615,-0.00555184977907346,0.0
0.812,10.0,10.850709546972649,-6.8367836990995,-0.005372057766454835,0.0
0.8140000000000001,10.0,10.836778627172817,-6.965459899915327,-0.005193766932411274,0.0
0.8160000000000001,10.0,10.822610670362167,-7.083978405325764,-0.00501707686332668,0.0
0.8180000000000001,10.0,10.808225511437257,-7.192579462454131,-0.004842082468807839,0.0
0.8200000000000001,10.0,10.793642504209348,-7.29150361395447,-0.004668874058401204,0.0
0.8220000000000001,10.0,10.778880521237333,-7.380991486007774,-0.004497537419608379,0.0
0.8240000000000001,10.0,10.763957954070651,-7.461283583340765,-0.004328153897090649,0.0
0.8260000000000001,10.0,10.748892713888242,-7.532620091204517,-0.0041608004729575595,0.0
0.8280000000000001,10.0,10.733702232519748,-7.5952406842464475,-0.003995549848034321,0.0
0.8300000000000001,10.0,10.718403463835337,-7.649384342205676,-0.0038324705240082605,0.0
0.8320000000000001,10.0,10.70301288549062,-7.695289172358306,-0.0036716268863550006,0.0
0.834,10.0,10.687546501013347,-7.733192238636021,-0.003513079287949117,0.0
0.836,10.0,10.672019842218672,-7.763329397338289,-0.003356884133265698,0.0
0.838,10.0,10.65644797193996,-7.785935139355669,-0.003203093963082999,0.0
0.84,10.0,10.640845487062322,-7.8012424388189014,-0.003051757539597319,0.0
0.842,10.0,10.62522652184615,-7.809482608086044,-0.002902919931865639,0.0
0.844,10.0,10.609604751528195,-7.810885158977389,-0.002756622601492648,0.0
0.846,10.0,10.593993396187864,-7.805677670165776,-0.00261290348848207,0.0
0.848,10.0,10.578405224866609,-7.794085660627797,-0.0024717970971754365,0.0
0.85,10.0,10.562852559928489,-7.776332469059416,-0.00233333458220173,0.0
0.852,10.0,10.547347281650174,-7.752639139157843,-0.00219754383436693,0.0
0.854,10.0,10.531900833028834,-7.723224310669727,-0.0020644495664118505,0.0
0.856,10.0,10.516524224796624,-7.688304116104351,-0.0019340733985715518,0.0
0.858,10.0,10.501228040630606,-7.648092083009057,-0.0018064339438708028,0.0
0.86,10.0,10.4860224425472,-7.602799041702953,-0.0016815468930927685,0.0
0.862,10.0,10.470917176470472,-7.552633038363794,-0.0015594250993602454,0.0
0.864,10.0,10.455921577963748,-7.497799253361983,-0.0014400786622716715,0.0
0.866,10.0,10.441044578114278,-7.438499924734768,-0.0013235150115359995,0.0
0.868,10.0,10.426294709560892,-7.37493427669297,-0.0012097389900528658,0.0
0.87,10.0,10.411680112654789,-7.307298453051936,-0.0010987529363867391,0.0
0.872,10.0,10.397208541743833,-7.235785455477909,-0.0009905567665860313,0.0
0.874,10.0,10.382887371570952,-7.160585086440621,-0.0008851480553008087,0.0
0.876,10.0,10.368723603777427,-7.081883896762569,-0.0007825221161535923,0.0
0.878,10.0,10.354723873502117,-6.9998651376552745,-0.0006826720813215012,0.0
0.88,10.0,10.340894456067852,-6.914708717132705,-0.0005855889802883871,0.0
0.882,10.0,10.327241273746468,-6.826591160692052,-0.0004912618177297088,0.0
0.884,10.0,10.313769902594164,-6.735685576152119,-0.0003996776504925077,0.0
0.886,10.0,10.300485579349083,-6.6421616225397875,-0.0003108216636368783,0.0
0.888,10.0,10.287393208383252,-6.546185482915256,-0.00022467724550621774,0.0
0.89,10.0,10.274497368701196,-6.447919841027126,-0.00014122606179561674,0.0
0.892,10.0,10.26180232097782,-6.347523861688809,-6.0448128589564616e-05,0.0
0.894,10.0,10.249312014628282,-6.245153174768251,1.7678115657536204e-05,0.0
0.896,10.0,10.237030094902916,-6.140959862683534,9.317573922371742e-05,0.0
0.898,10.0,10.22495991000032,-6.035092451297579,0.00016606924732738603,0.0
0.9,10.0,10.21310451819211,-5.927695904105878,0.0002363845134628552,0.0
0.902,10.0,10.201466694952884,-5.818911619611964,0.00030414871188366114,0.0
0.904,10.0,10.190048940089314,-5.7088774317861875,0.0003693902512513932,0.0
0.906,10.0,10.178853484862305,-5.597727613504241,0.0004321387094673489,0.0
0.908,10.0,10.16788229909658,-5.485592882862872,0.0004924247697020161,0.0
0.91,10.0,10.157137098272038,-5.3726004122712165,0.000550280157635571,0.0
0.912,10.0,10.146619350591603,-5.258873840217237,0.0006057375799228878,0.0
0.914,10.0,10.136330284020383,-5.144533285609898,0.000658830663892253,0.0
0.916,10.0,10.126270893291185,-5.029695364598854,0.0007095938984882011,0.0
0.918,10.0,10.116441946871635,-4.914473209774617,0.0007580625764660558,0.0
0.92,10.0,10.106843993888328,-4.798976491653454,0.0008042727378451905,0.0
0.922,10.0,10.097477371003624,-4.6833114423524895,0.0008482611146260663,0.0
0.924,10.0,10.0883422092409,-4.567580881361881,0.0008900650767752858,0.0
0.926,10.0,10.079438440754256,-4.451884243322228,0.000929722579481887,0.0
0.928,10.0,10.070765805538823,-4.3363176077168,0.0009672721116864545,0.0
0.93,10.0,10.062323858078042,-4.220973730389578,0.0010027526458833461,0.0
0.932,10.0,10.05411197392444,-4.105942076801519,0.0010362035891967603,0.0
0.934,10.0,10.046129356210562,-3.991308856938984,0.0010676647357275371,0.0
0.936,10.0,10.038375042086983,-3.8771570617896765,0.00109717622016994,0.0
0.9380000000000001,10.0,10.030847909084375,-3.763566501303051,0.0011247784726931625,0.0
0.9400000000000001,10.0,10.02354668139687,-3.650613843753583,0.0011505121750847844,0.0
0.9420000000000001,10.0,10.016469936084016,-3.538372656426935,0.001174418218149456,0.0
0.9440000000000001,10.0,10.009616109188913,-3.4269134475505343,0.0011965376603578395,0.0
0.9460000000000001,10.0,10.002983501770132,-3.3163037093917285,0.0012169116877374252,0.0
0.9480000000000001,10.0,9.996570285845236,-3.2066079624482335,0.001235581574998375,0.0
0.9500000000000001,10.0,9.99037451024392,-3.0978878006571824,0.001252588647885704,0.0
0.9520000000000001,10.0,9.984394106368818,-2.990201937550738,0.001267974246747522,0.0
0.9540000000000001,10.0,9.978626893862243,-2.8836062532878026,0.001281779691310166,0.0
0.9560000000000001,10.0,9.973070586177258,-2.778153842493002,0.0012940462466492096,0.0
0.9580000000000001,10.0,9.967722796051586,-2.673895062835727,0.0013048150903447145,0.0
0.96,10.0,9.962581040883018,-2.570877584283667,0.0013141272808090286,0.0
0.962,10.0,9.957642748005084,-2.4691464389668916,0.0013220237267738207,0.0
0.964,10.0,9.952905259861904,-2.3687440715901293,0.001328545157924496,0.0
0.966,10.0,9.948365839081239,-2.269710390332577,0.0013337320966667308,0.0
0.968,10.0,9.944021673444887,-2.172082818176128,0.0013376248310123806,0.0
0.97,10.0,9.939869880755678,-2.0758963446045815,0.0013402633885690805,0.0
0.972,10.0,9.93590751360044,-1.981183577617972,0.0013416875116188574,0.0
0.974,10.0,9.932131564008424,-1.8879747960077689,0.0013419366332705002,0.0
0.976,10.0,9.928538968004744,-1.7962980018403025,0.0013410498546692034,0.0
0.978,10.0,9.92512661005855,-1.7061789730973433,0.0013390659232478863,0.0
0.98,10.0,9.921891327425701,-1.6176413164243444,0.0013360232120033142,0.0
0.982,10.0,9.918829914385825,-1.5307065199384244,0.0013319596997801216,0.0
0.984,10.0,9.915939126373726,-1.4453940060497341,0.0013269129525454036,0.0
0.986,10.0,9.913215684005221,-1.3617211842513552,0.0013209201056370657,0.0
0.988,10.0,9.910656276997553,-1.2797035038344358,0.0013140178469678034,0.0
0.99,10.0,9.908257567984581,-1.1993545064867719,0.001306242401166781,0.0
0.992,10.0,9.906016196227112,-1.1206858787345375,0.0012976295146413254,0.0
0.994,10.0,9.903928781218735,-1.04370750418834,0.0012882144415402098,0.0
0.996,10.0,9.901991926187621,-0.9684275155562577,0.0012780319305999873,0.0
0.998,10.0,9.900202221494846,-0.8948523463879491,0.0012671162128562,0.0
1.0,10.0,9.898556247929815,-0.822986782515343,0.0012555009902007494,0.0
1.002,10.0,9.897050579903501,-0.7528340131568467,0.0012432194247666937,0.0
1.004,10.0,9.895681788540195,-0.6843956816533867,0.0012303041291216379,0.0
1.006,10.0,9.894446444668583,-0.6176719358059733,0.001216787157250921,0.0
1.008,10.0,9.893341121713012,-0.5526614777858095,0.0012026999963121406,0.0
1.01,10.0,9.892362398485833,-0.4893616135893255,0.0011880735591414035,0.0
1.012,10.0,9.891506861881808,-0.4277683020117951,0.0011729381774931906,0.0
1.014,10.0,9.89077110947558,-0.36787620311450386,0.0011573235959943208,0.0
1.016,10.0,9.890151752023257,-0.3096787261616754,0.0011412589667937967,0.0
1.018,10.0,9.889645415869248,-0.25316807700461147,0.0011247728448895912,0.0
1.02,10.0,9.889248745259463,-0.19833530489174878,0.0011078931841130171,0.0
1.022,10.0,9.888958404562095,-0.14517034868448345,0.001090647333753064,0.0
1.024,10.0,9.888771080397175,-0.09366208245982582,0.001073062035801332,0.0
1.026,10.0,9.88868348367621,-0.04379836048207047,0.001055163422799644,0.0
1.028,10.0,9.888692351553155,0.004433938473197387,0.0010369770162718065,0.0
1.03,10.0,9.888794449288072,0.05104886745831381,0.0010185277257207883,0.0
1.032,10.0,9.888986572024812,0.09606136837048934,0.0009998398481742524,0.0
1.034,10.0,9.889265546484133,0.13948722965992963,0.0009809370682595775,0.0
1.036,10.0,9.889628232573616,0.18134304474154536,0.000961842458791142,0.0
1.038,10.0,9.890071524915857,0.22164617112165508,0.000942578481852,0.0
1.04,10.0,9.890592354296357,0.26041469025009184,0.0009231669903522629,0.0
1.042,10.0,9.891187689032572,0.2976673681071989,0.0009036292300476349,0.0
1.044,10.0,9.89185453626564,0.3334236165342331,0.0008839858420003184,0.0
1.046,10.0,9.89258994317627,0.3677034553147952,0.0008642568654656473,0.0
1.048,10.0,9.893390998126298,0.4005274750140404,0.0008444617411881947,0.0
1.05,10.0,9.894254831727462,0.4319168005815122,0.0008246193150899123,0.0
1.052,10.0,9.895178617838907,0.4618930557226501,0.0008047478423349597,0.0
1.054,10.0,9.896159574494993,0.49047832804321095,0.0007848649917553915,0.0
1.056,10.0,9.897194964764934,0.5176951349699895,0.0007649878506204742,0.0
1.058,10.0,9.898282097545835,0.5435663904505411,0.0007451329297359729,0.0
1.06,10.0,9.899418328290702,0.5681153724338108,0.0007253161688568896,0.0
1.062,10.0,9.900601059672967,0.5913656911328555,0.0007055529423986942,0.0
1.064,10.0,9.901827742189107,0.6133412580701885,0.0006858580654330875,0.0
1.066,10.0,9.90309587470092,0.6340662559055366,0.0006662457999523825,0.0
1.068,10.0,9.904403004919011,0.6535651090452276,0.0006467298613899445,0.0
1.07,10.0,9.905746729829076,0.6718624550317218,0.0006273234253810156,0.0
1.072,10.0,9.907124696062498,0.6889831167112372,0.0006080391347511763,0.0
1.074,10.0,9.908534600212851,0.7049520751768291,0.0005888891067187679,0.0
1.076,10.0,9.909974189099819,0.7197944434836991,0.000569884940297719,0.0
1.078,10.0,9.911441259982084,0.7335354411330113,0.0005510377238886383,0.0
1.08,10.0,9.912933660720723,0.7462003693199117,0.0005323580430443635,0.0
1.082,10.0,9.914449289894605,0.7578145869410096,0.0005138559883987283,0.0
1.084,10.0,9.915986096869316,0.7684034873560576,0.0004955411637457042,0.0
1.086,10.0,9.917542081821114,0.7779924758981301,0.0004774226942573686,0.0
1.088,10.0,9.919115295717367,0.7866069481261456,0.0004595092348289014,0.0
1.09,10.0,9.920703840254992,0.7942722688131888,0.0004418089785399823,0.0
1.092,10.0,9.92230586775832,0.8010137516636547,0.000424329665220717,0.0
1.094,10.0,9.923919581037824,0.8068566397518787,0.0004070785901119929,0.0
1.096,10.0,9.925543233211172,0.811826086674552,0.00039006261260964616,0.0
1.098,10.0,9.92717512748799,0.8159471384088929,0.000373288165082623,0.0
1.1,10.0,9.928813616919728,0.8192447158681709,0.0003567612617541612,0.0
1.102,10.0,9.93045710411602,0.8217435981459497,0.00034048750763802054,0.0
1.104,10.0,9.9321040409289,0.8234684064400696,0.0003244721075192637,0.0
1.106,10.0,9.933752928106193,0.8244435886471182,0.00030871987497043047,0.0
1.108,10.0,9.935402314915429,0.8246934046179477,0.00029323524139580236,0.0
1.11,10.0,9.937050798739559,0.8242419120644605,0.0002780222650930643,0.0
1.112,10.0,9.938697024645775,0.8231129531077522,0.0002630846403261176,0.0
1.114,10.0,9.940339684928688,0.8213301414574505,0.00024842570640003204,0.0
1.116,10.0,9.94197751862911,0.8189168502118922,0.00023404845673037915,0.0
1.118,10.0,9.943609311029649,0.815896200268628,0.00021995554789999868,0.0
1.12,10.0,9.945233893128318,0.8122910493345786,0.00020614930869583407,0.0
1.122,10.0,9.946850141091367,0.8081239815250147,0.00019263174911891498,0.0
1.124,10.0,9.94845697568645,0.8034172975403852,0.00017940456936040385,0.0
1.1260000000000001,10.0,9.950053361697268,0.7981930054099288,0.0001664691687379786,0.0
1.1280000000000001,10.0,9.95163830732085,0.7924728117908945,0.00015382665458619528,0.0
1.1300000000000001,10.0,9.953210863548476,0.7862781138120636,0.00014147785109422205,0.0
1.1320000000000001,10.0,9.954770123531375,0.7796299914502411,0.00012942330808624639,0.0
1.1340000000000001,10.0,9.956315221932233,0.7725492004282946,0.00011766330973876068,0.0
1.1360000000000001,10.0,9.95784533426348,0.7650561656232312,0.00010619788322885901,0.0
1.1380000000000001,10.0,9.959359676213426,0.7571709749728199,9.502680730972993e-05,0.0
1.1400000000000001,10.0,9.960857502961163,0.7489133738691823,8.414962080773302e-05,0.0
1.1420000000000001,10.0,9.96233810848122,0.7403027600277681,7.356563103663651e-05,0.0
1.1440000000000001,10.0,9.96380082483886,0.7313581788201381,6.327392212527726e-05,0.0
1.1460000000000001,10.0,9.965245021476978,0.7220983190589465,5.327336325385717e-05,0.0
1.1480000000000001,10.0,9.966670104495424,0.7125415092235331,4.356261679522717e-05,0.0
1.1500000000000001,10.0,9.968075515923653,0.7027057141145732,3.414014635797082e-05,0.0
1.1520000000000001,10.0,9.969460732987507,0.692608531926222,2.500422472697739e-05,0.0
1.154,10.0,9.970825267370953,0.6822671917242565,1.6152941698897427e-05,0.0
1.156,10.0,9.97216866447359,0.6716985513187508,7.584211809245423e-06,0.0
1.158,10.0,9.97349050266463,0.6609190955198668,-7.042180518870107e-07,0.0
1.16,10.0,9.97479039253416,0.6499449347654159,-8.714761137899153e-06,0.0
1.162,10.0,9.976067976142378,0.6387918041089063,-1.644998346018531e-05,0.0
1.164,10.0,9.977322926267492,0.6274750625568575,-2.3912596521530425e-05,0.0
1.166,10.0,9.97855494565298,0.6160096927442663,-3.1105450170109246e-05,0.0
1.168,10.0,9.979763766254855,0.6044103009371704,-3.803152557662674e-05,0.0
1.17,10.0,9.980949148489557,0.5926911173513811,-4.4693928335653955e-05,0.0
1.172,10.0,9.982110880483111,0.5808659967765146,-5.1095881693818403e-05,0.0
1.174,10.0,9.9832487773221,0.5689484194946166,-5.724071990491659e-05,0.0
1.176,10.0,9.984362680307065,0.5569514924827191,-6.31318817148404e-05,0.0
1.178,10.0,9.985452456208844,0.5448879508888481,-6.87729039760203e-05,0.0
1.18,10.0,9.986517996528386,0.5327701597710671,-7.41674153936405e-05,0.0
1.182,10.0,9.987559216760564,0.520610116089325,-7.931913040329255e-05,0.0
1.184,10.0,9.988576055662445,0.5084194509399454,-8.423184318202378e-05,0.0
1.186,10.0,9.98956847452649,0.49620943202278806,-8.890942179231196e-05,0.0
1.188,10.0,9.990536456459154,0.48399096633121075,-9.33558024600148e-05,0.0
1.19,10.0,9.991480005665263,0.4717746030551135,-9.757498398675082e-05,0.0
1.192,10.0,9.992399146738638,0.4595705366875258,-0.00010157102229586777,0.0
1.194,10.0,9.993293923959289,0.44738861032527,-0.00010534802511397986,0.0
1.196,10.0,9.9941644005976,0.4352383191544805,-0.00010891014678588432,0.0
1.198,10.0,9.995010658225823,0.4231288141118347,-0.00011226158322445156,0.0
1.2,10.0,9.995832796037249,0.4110689057125572,-0.00011540656699417687,0.0
1.202,10.0,9.996630930173321,0.3990670680363859,-0.00011834936252878262,0.0
1.204,10.0,9.997405193059047,0.3871314428628907,-0.00012109426148146127,0.0
1.206,10.0,9.998155732746941,0.3752698439476415,-0.00012364557820853197,0.0
1.208,10.0,9.998882712269804,0.3634897614309566,-0.0001260076453843307,0.0
1.21,10.0,9.999586309002545,0.35179836637105144,-0.00012818480974825366,0.0
1.212,10.0,10.000266714033332,0.3402025153936517,-0.00013018142798154283,0.0
1.214,10.0,10.000924131544233,0.32870875545024547,-0.0001320018627141259,0.0
1.216,10.0,10.001558778201586,0.31732332867735685,-0.00013365047865973134,0.0
1.218,10.0,10.002170882556285,0.3060521773493645,-0.0001351316388788368,0.0
1.22,10.0,10.002760684454119,0.29490094891757984,-0.00013644970116792713,0.0
1.222,10.0,10.003328434456376,0.2838750011284699,-0.00013760901457384947,0.0
1.224,10.0,10.003874393270804,0.272979407214067,-0.0001386139160323465,0.0
1.226,10.0,10.004398831193098,0.26221896114780496,-0.00013946872712887346,0.0
1.228,10.0,10.004902027559018,0.25159818295914566,-0.00014017775098136537,0.0
1.23,10.0,10.005384270207218,0.24112132410059553,-0.0001407452692421002,0.0
1.232,10.0,10.00584585495294,0.23079237286084686,-0.00014117553921798103,0.0
1.234,10.0,10.006287085072575,0.2206150598179199,-0.0001414727911083044,0.0
1.236,10.0,10.00670827079923,0.21059286332642432,-0.00014164122535688766,0.0
1.238,10.0,10.007109728829295,0.20072901503317198,-0.00014168501011812607,0.0
1.24,10.0,10.007491781840127,0.19102650541555616,-0.00014160827883498412,0.0
1.242,10.0,10.007854758018802,0.18148808933727226,-0.00014141512792741927,0.0
1.244,10.0,10.008198990602033,0.1721162916161582,-0.0001411096145886462,0.0
1.246,10.0,10.008524817427231,0.16291341259905714,-0.0001406957546883984,0.0
1.248,10.0,10.008832580494708,0.1538815337387625,-0.00014017752078149669,0.0
1.25,10.0,10.009122625541044,0.14502252316832678,-0.00013955884021865243,0.0
1.252,10.0,10.009395301623579,0.13633804126811921,-0.00013884359335885325,0.0
1.254,10.0,10.009650960716023,0.12782954622118714,-0.00013803561188127113,0.0
1.256,10.0,10.009889957315128,0.11949829955266181,-0.00013713867719416964,0.0
1.258,10.0,10.010112648058426,0.11134537164909332,-0.0001361565189391677,0.0
1.26,10.0,10.010319391352935,0.10337164725371428,-0.00013509281358977933,0.0
1.262,10.0,10.010510547014801,0.09557783093386277,-0.00013395118314059605,0.0
1.264,10.0,10.010686475919835,0.08796445251687714,-0.00013273519388663356,0.0
1.266,10.0,10.010847539664816,0.08053187249094455,-0.00013144835529043677,0.0
1.268,10.0,10.01099410023955,0.07328028736756212,-0.00013009411893431404,0.0
1.27,10.0,10.011126519709556,0.06620973500236521,-0.0001286758775567667,0.0
1.272,10.0,10.011245159909297,0.059320099871258844,-0.00012719696417031238,0.0
1.274,10.0,10.011350382145896,0.0526111182989189,-0.0001256606512588911,0.0
1.276,10.0,10.01144254691317,0.046082383636835415,-0.0001240701500535977,0.0
1.278,10.0,10.011522013615947,0.03973335138826877,-0.00012242860988338506,0.0
1.28,10.0,10.011589140304501,0.033563344277570274,-0.00012073911759989573,0.0
1.282,10.0,10.011644283419024,0.027571557261479897,-0.00011900469707379951,0.0
1.284,10.0,10.011687797543983,0.02175706248010694,-0.00011722830876143292,0.0
1.286,10.0,10.011720035172276,0.016118814145490854,-0.00011541284933837234,0.0
1.288,10.0,10.011741346479006,0.010655653365681129,-0.00011356115139975878,0.0
1.29,10.0,10.011752079104811,0.005366312902481586,-0.00011167598322359548,0.0
1.292,10.0,10.011752577948533,0.00024942186103688426,-0.00010976004859695344,0.0
1.294,10.0,10.011743184969152,-0.004696489690361661,-0.00010781598670137578,0.0
1.296,10.0,10.011724238996809,-0.009472986171813658,-0.00010584637205673263,0.0
1.298,10.0,10.011696075552775,-0.014081722016128184,-0.0001038537145213424,0.0
1.3,10.0,10.011659026678242,-0.01852443726725322,-0.00010184045934651353,0.0
1.302,10.0,10.011613420771734,-0.02280295325401449,-9.980898728310197e-05,0.0
1.304,10.0,10.011559582435053,-0.0269191683402991,-9.776161473912929e-05,0.0
1.306,10.0,10.01149783232755,-0.0308750537526888,-9.570059398600412e-05,0.0
1.308,10.0,10.011428487028576,-0.03467264948646473,-9.362811341189303e-05,0.0
1.31,10.0,10.011351858907995,-0.03831406029078913,-9.154629782001944e-05,0.0
1.312,10.0,10.011268256004525,-0.04180145173380171,-8.945720877069476e-05,0.0
1.314,10.0,10.01117798191183,-0.04513704634825088,-8.736284496477764e-05,0.0
1.316,10.0,10.011081335672115,-0.048323119858224656,-8.526514266756376e-05,0.0
1.318,10.0,10.010978611677139,-0.05136199748740474,-8.316597617022733e-05,0.0
1.32,10.0,10.010870099576442,-0.05425605034925211,-8.106715828862682e-05,0.0
1.322,10.0,10.010756084192602,-0.05700769191940131,-7.897044089675802e-05,0.0
1.324,10.0,10.01063684544342,-0.05961937459047147,-7.687751549344024e-05,0.0
1.326,10.0,10.010512658270802,-0.06209358630945021,-7.479001380118083e-05,0.0
1.328,10.0,10.010383792576206,-0.06443284729769032,-7.270950839473145e-05,0.0
1.33,10.0,10.0102505131625,-0.06663970685352599,-7.06375133586289e-05,0.0
1.332,10.0,10.010113079682025,-0.06871674023742547,-6.857548497176354e-05,0.0
1.334,10.0,10.009971746590747,-0.07066654563954321,-6.652482241777292e-05,0.0
1.336,10.0,10.009826763108286,-0.07249174122945894,-6.448686851955458e-05,0.0
1.338,10.0,10.00967837318371,-0.07419496228782281,-6.246291049634569e-05,0.0
1.34,10.0,10.00952681546687,-0.07577885841959768,-6.0454180742652643e-05,0.0
1.342,10.0,10.009372323285174,-0.07724609084848813,-5.846185762670689e-05,0.0
1.344,10.0,10.009215124625587,-0.07859932979212933,-5.64870663079517e-05,0.0
1.346,10.0,10.009055442121753,-0.07984125191752976,-5.453087957167494e-05,0.0
1.348,10.0,10.008893493046001,-0.08097453787622924,-5.259431867991078e-05,0.0
1.35,10.0,10.008729489306164,-0.08200186991856771,-5.067835423697604e-05,0.0
1.352,10.0,10.008563637446992,-0.08292592958642601,-4.8783907068688014e-05,0.0
1.354,10.0,10.008396138656025,-0.08374939548376191,-4.691184911420329e-05,0.0
1.356,10.0,10.008227188773777,-0.08447494112418945,-4.506300432861967e-05,0.0
1.358,10.0,10.008056978308067,-0.08510523285485694,-4.3238149596210726e-05,0.0
1.36,10.0,10.007885692452357,-0.08564292785580015,-4.143801565234009e-05,0.0
1.362,10.0,10.007713511107928,-0.08609067221393152,-3.966328801341008e-05,0.0
1.364,10.0,10.007540608909787,-0.08645109907078594,-3.7914607913670984e-05,0.0
1.366,10.0,10.007367155256102,-0.08672682684311785,-3.6192573248037006e-05,0.0
1.368,10.0,10.00719331434107,-0.08692045751539078,-3.449773951940399e-05,0.0
1.37,10.0,10.007019245191064,-0.08703457500320998,-3.28306207903551e-05,0.0
1.372,10.0,10.006845101703892,-0.08707174358668848,-3.119169063760248e-05,0.0
1.374,10.0,10.006671032691067,-0.08703450641272273,-2.9581383108498908e-05,0.0
1.3760000000000001,10.0,10.006497181922937,-0.08692538406512841,-2.8000093678719248e-05,0.0
1.3780000000000001,10.0,10.006323688176533,-0.08674687320157622,-2.6448180210486824e-05,0.0
1.3800000000000001,10.0,10.00615068528602,-0.08650144525623986,-2.4925963910395918e-05,0.0
1.3820000000000001,10.0,10.005978302195606,-0.08619154520703613,-2.3433730285728402e-05,0.0
1.3840000000000001,10.0,10.005806663014793,-0.08581959040633147,-2.1971730098766675e-05,0.0
1.3860000000000001,10.0,10.005635887075846,-0.08538796947399413,-2.0540180318800547e-05,0.0
1.3880000000000001,10.0,10.005466088993343,-0.08489904125161186,-1.9139265070155435e-05,0.0
1.3900000000000001,10.0,10.005297378725707,-0.08435513381672148,-1.776913657640002e-05,0.0
1.3920000000000001,10.0,10.005129861638595,-0.08375854355586686,-1.6429916099687728e-05,0.0
1.3940000000000001,10.0,10.004963638570006,-0.08311153429530156,-1.5121694874801247e-05,0.0
1.3960000000000001,10.0,10.00479880589703,-0.08241633648813165,-1.3844535037044344e-05,0.0
1.3980000000000001,10.0,10.004635455604115,-0.08167514645668435,-1.2598470543343978e-05,0.0
1.4000000000000001,10.0,10.004473675352736,-0.08089012568891532,-1.1383508086725327e-05,0.0
1.4020000000000001,10.0,10.00431354855236,-0.08006340018762305,-1.0199628002784051e-05,0.0
1.4040000000000001,10.0,10.004155154432619,-0.079197059871249,-9.046785167946476e-06,0.0
1.4060000000000001,10.0,10.00399856811657,-0.07829315802504358,-7.924909889122398e-06,0.0
1.408,10.0,10.003843860694968,-0.07735371080137345,-6.833908784220393e-06,0.0
1.41,10.0,10.003691099301433,-0.07638069676795249,-5.773665653256904e-06,0.0
1.412,10.0,10.003540347188427,-0.07537605650276691,-4.744042339366334e-06,0.0
1.414,10.0,10.003391663803958,-0.07434169223446686,-3.744879579329219e-06,0.0
1.416,10.0,10.003245104868904,-0.07327946752702673,-2.775997843835134e-06,0.0
1.418,10.0,10.00310072245489,-0.07219120700742324,-1.8371981659161339e-06,0.0
1.42,10.0,10.002958565062618,-0.0710786961351568,-9.282629587625818e-07,0.0
1.422,10.0,10.002818677700594,-0.06994368101238614,-4.895682131671392e-08,0.0
1.424,10.0,10.002681101964127,-0.06878786823349216,8.009726677912902e-07,0.0
1.426,10.0,10.002545876114581,-0.06761292477286751,1.621794168796362e-06,0.0
1.428,10.0,10.002413035158762,-0.06642047790974397,2.413791811934676e-06,0.0
1.43,10.0,10.002282610928384,-0.06521211518890509,3.1772644407806982e-06,0.0
1.432,10.0,10.00215463215955,-0.06398938441607885,3.912524869366857e-06,0.0
1.434,10.0,10.002029124572177,-0.06275379368689628,4.619899151493361e-06,0.0
1.436,10.0,10.001906110949282,-0.061506811448237005,5.29972586404589e-06,0.0
1.438,10.0,10.0017856112161,-0.0602498665908381,5.9523554035253214e-06,0.0
1.44,10.0,10.001667642518957,-0.058984348572039866,6.578149296231611e-06,0.0
1.442,10.0,10.001552219303822,-0.0577116075675635,7.1774795220433456e-06,0.0
1.444,10.0,10.001439353394519,-0.05643295465121601,7.750727852156925e-06,0.0
1.446,10.0,10.001329054070515,-0.05514966200143755,8.298285200748425e-06,0.0
1.448,10.0,10.001221328144249,-0.05386296313362696,8.820550990480858e-06,0.0
1.45,10.0,10.001116180037936,-0.05257405315716665,9.31793253255128e-06,0.0
1.452,10.0,10.001013611859824,-0.0512840890561336,9.790844420222825e-06,0.0
1.454,10.0,10.000913623479837,-0.04999418999264432,1.0239707937038735e-05,0.0
1.456,10.0,10.000816212604573,-0.04870543763183842,1.0664950478856318e-05,0.0
1.458,10.0,10.000721374851597,-0.04741887648749673,1.10670049902291e-05,0.0
1.46,10.0,10.000629103823023,-0.046135514287303635,1.144630941519319e-05,0.0
1.462,10.0,10.00053939117831,-0.044856322356809614,1.1803306161792172e-05,0.0
1.464,10.0,10.000452226706267,-0.043582236021130434,1.2138441581093876e-05,0.0
1.466,10.0,10.00036759839622,-0.04231415502344988,1.2452165460375285e-05,0.0
1.468,10.0,10.000285492508302,-0.04105294395943563,1.2744930529867179e-05,0.0
1.47,10.0,10.000205893642848,-0.03979943272663965,1.3017191984201388e-05,0.0
1.472,10.0,10.000128784808872,-0.0385544169880207,1.3269407017445297e-05,0.0
1.474,10.0,10.000054147491575,-0.037318658648734473,1.3502034371846414e-05,0.0
1.476,10.0,9.999981961718884,-0.03609288634533092,1.3715533900718071e-05,0.0
1.478,10.0,9.999912206126991,-0.034877795946531016,1.3910366145054021e-05,0.0
1.48,10.0,9.999844858024861,-0.033674051064800384,1.4086991923172637e-05,0.0
1.482,10.0,9.999779893457706,-0.03248228357789759,1.424587193453088e-05,0.0
1.484,10.0,9.999717287269386,-0.03130309415964437,1.4387466376478033e-05,0.0
1.486,10.0,9.999657013163748,-0.03013705281915597,1.4512234574411506e-05,0.0
1.488,10.0,9.999599043764851,-0.028984699447800584,1.4620634624926322e-05,0.0
1.49,10.0,9.999543350676106,-0.027846544373160306,1.4713123052141333e-05,0.0
1.492,10.0,9.999489904538267,-0.02672306891931041,1.479015447648589e-05,0.0
1.494,10.0,9.99943867508632,-0.025614725972706254,1.4852181296786187e-05,0.0
1.496,10.0,9.999389631205215,-0.024521940553054483,1.4899653383992556e-05,0.0
1.498,10.0,9.999342740984437,-0.023445110388488264,1.4933017788008767e-05,0.0
1.5,10.0,9.99929797177145,-0.02238460649442762,1.4952718456521252e-05,0.0
1.502,10.0,9.999255290223937,-0.02134077375553252,1.4959195965465902e-05,0.0
1.504,10.0,9.999214662360917,-0.02031393151012803,1.4952887261955198e-05,0.0
1.506,10.0,9.999176053612643,-0.019304374136551707,1.4934225418339381e-05,0.0
1.508,10.0,9.999139428869361,-0.018312371640857583,1.4903639397935813e-05,0.0
1.51,10.0,9.999104752528872,-0.01733817024533386,1.4861553832129631e-05,0.0
1.512,10.0,9.999071988542918,-0.016381992977313846,1.4808388808544112e-05,0.0
1.514,10.0,9.999041100462401,-0.015444040257778154,1.4744559670061644e-05,0.0
1.516,10.0,9.999012051481424,-0.014524490489261372,1.4670476824536281e-05,0.0
1.518,10.0,9.99898480448014,-0.013623500642597841,1.4586545564902525e-05,0.0
1.52,10.0,9.998959322066455,-0.012741206842029928,1.4493165900087491e-05,0.0
1.522,10.0,9.99893556661656,-0.011877724948273612,1.4390732395333477e-05,0.0
1.524,10.0,9.99891350031428,-0.011033151139088601,1.4279634023112972e-05,0.0
1.526,10.0,9.998893085189307,-0.010207562486977316,1.4160254023109796e-05,0.0
1.528,10.0,9.99887428315424,-0.009401017533601947,1.4032969772164126e-05,0.0
1.53,10.0,9.998857056040519,-0.00861355686055848,1.389815266324239e-05,0.0
1.532,10.0,9.998841365633208,-0.007845203656140127,1.3756167993696782e-05,0.0
1.534,10.0,9.998827173704653,-0.0070959642777609225,1.360737486210806e-05,0.0
1.536,10.0,9.998814442047033,-0.00636582880969956,1.345212607405927e-05,0.0
1.538,10.0,9.998803132503802,-0.005654771615862706,1.3290768056104426e-05,0.0
1.54,10.0,9.998793207000027,-0.004962751887265331,1.3123640778074691e-05,0.0
1.542,10.0,9.99878462757166,-0.004289714183930305,1.2951077683724432e-05,0.0
1.544,10.0,9.998777356393719,-0.003635588970968442,1.277340562853529e-05,0.0
1.546,10.0,9.998771355807422,-0.003000293148559819,1.2590944825642715e-05,0.0
1.548,10.0,9.998766588346271,-0.002383730575598861,1.2404008799072687e-05,0.0
1.55,10.0,9.998763016761098,-0.001785792586786437,1.2212904343919074e-05,0.0
1.552,10.0,9.998760604044092,-0.0012063585029409027,1.2017931493784225e-05,0.0
1.554,10.0,9.998759313451824,-0.0006452961343305048,1.181938349489694e-05,0.0
1.556,10.0,9.99875910852727,-0.0001024622768378633,1.1617546786796176e-05,0.0
1.558,10.0,9.998759953120869,0.0004222967992163896,1.1412700989289346e-05,0.0
1.56,10.0,9.998761811410604,0.0009291448677618901,1.1205118895705303e-05,0.0
1.562,10.0,9.998764647921151,0.0014182552733300543,1.0995066472070631e-05,0.0
1.564,10.0,9.998768427542082,0.001889810465211669,1.0782802862077394e-05,0.0
1.566,10.0,9.998773115545161,0.0023440015395428176,1.0568580397442846e-05,0.0
1.568,10.0,9.99877867760074,0.0027810277894569978,1.0352644614044306e-05,0.0
1.57,10.0,9.998785079793267,0.0032010962633852408,1.013523427265443e-05,0.0
1.572,10.0,9.998792288635931,0.0036044213316286425,9.916581385234932e-06,0.0
1.574,10.0,9.998800271084454,0.003991224261275415,9.696911245690994e-06,0.0
1.576,10.0,9.998808994550052,0.004361732799542988,9.476442465295365e-06,0.0
1.578,10.0,9.998818426911583,0.00471618076561365,9.255387012547848e-06,0.0
1.58,10.0,9.998828536526887,0.005054807651025567,9.033950257348091e-06,0.0
1.582,10.0,9.998839292243343,0.005377858228670051,8.812331019265195e-06,0.0
1.584,10.0,9.998850663407683,0.0056855821704319244,8.590721619615219e-06,0.0
1.586,10.0,9.99886261987503,0.005978233673493428,8.369307937001335e-06,0.0
1.588,10.0,9.998875132017222,0.006256071095353293,8.148269467005013e-06,0.0
1.59,10.0,9.998888170730417,0.006519356597556131,7.927779384813138e-06,0.0
1.592,10.0,9.998901707442013,0.0067683557981409,7.708004611076906e-06,0.0
1.594,10.0,9.99891571411688,0.007003337432817478,7.489105881011101e-06,0.0
1.596,10.0,9.998930163262928,0.007224573024854209,7.271237816166511e-06,0.0
1.598,10.0,9.998945027936054,0.0074323365636751685,7.05454899921545e-06,0.0
1.6,10.0,9.99896028174444,0.00762690419212674,6.839182050895982e-06,0.0
1.602,10.0,9.998975898852244,0.007808553902403941,6.625273709774062e-06,0.0
1.604,10.0,9.998991853982726,0.007977565240603241,6.412954914302314e-06,0.0
1.606,10.0,9.999008122420767,0.008134219019836943,6.202350886474154e-06,0.0
1.608,10.0,9.99902468001485,0.008278797041897256,5.993581218206812e-06,0.0
1.61,10.0,9.999041503178505,0.00841158182739341,5.786759959037393e-06,0.0
1.612,10.0,9.999058568891215,0.008532856354309497,5.581995705633976e-06,0.0
1.614,10.0,9.999075854698825,0.008642903804934914,5.37939169319771e-06,0.0
1.616,10.0,9.999093338713468,0.008742007321084254,5.179045887971869e-06,0.0
1.618,10.0,9.999110999613004,0.008830449767536826,4.981051081122564e-06,0.0
1.62,10.0,9.999128816640011,0.008908513503630682,4.785494984066892e-06,0.0
1.622,10.0,9.999146769600337,0.008976480162919298,4.592460324644036e-06,0.0
1.624,10.0,9.999164838861219,0.009034630440810753,4.402024944352371e-06,0.0
1.6260000000000001,10.0,9.999183005348998,0.009083243890096177,4.2142618963385086e-06,0.0
1.6280000000000001,10.0,9.999201250546447,0.009122598724279646,4.0292395442241814e-06,0.0
1.6300000000000001,10.0,9.999219556489704,0.00915297162862042,3.847021661713011e-06,0.0
1.6320000000000001,10.0,9.999237905764863,0.009174637578775803,3.667667532451591e-06,0.0
1.6340000000000001,10.0,9.999256281504197,0.009187869666943576,3.491232050339049e-06,0.0
1.6360000000000001,10.0,9.999274667382068,0.00919293893541392,3.3177658204893876e-06,0.0
1.6380000000000001,10.0,9.999293047610502,0.009190114217402642,3.1473152599836194e-06,0.0
1.6400000000000001,10.0,9.999311406934472,0.009179661985065563,2.9799226989785408e-06,0.0
1.6420000000000001,10.0,9.999329730626881,0.009161846204597366,2.815626482212923e-06,0.0
1.6440000000000001,10.0,9.999348004483277,0.009136928198258147,2.654461069566137e-06,0.0
1.6460000000000001,10.0,9.999366214816304,0.009105166513260678,2.4964571375744793e-06,0.0
1.6480000000000001,10.0,9.9993843484499,0.009066816797365502,2.3416416800055597e-06,0.0
1.6500000000000001,10.0,9.999402392713261,0.009022131681068501,2.190038108259082e-06,0.0
1.6520000000000001,10.0,9.999420335434595,0.008971360666280619,2.0416663518785916e-06,0.0
1.6540000000000001,10.0,9.999438164934638,0.008914750021347864,1.89654295801766e-06,0.0
1.6560000000000001,10.0,9.999455870020002,0.008852542682306994,1.7546811908356171e-06,0.0
1.6580000000000001,10.0,9.999473439976322,0.00878497816024072,1.6160911301007108e-06,0.0
1.6600000000000001,10.0,9.999490864561231,0.008712292454613264,1.4807797693217464e-06,0.0
1.6620000000000001,10.0,9.999508133997177,0.008634717972450096,1.3487511129971041e-06,0.0
1.6640000000000001,10.0,9.999525238964084,0.00855248345325353,1.2200062735394486e-06,0.0
1.666,10.0,9.999542170591884,0.008465813899495854,1.0945435667500618e-06,0.0
1.668,10.0,9.999558920452907,0.008374930512588455,9.723586070235603e-07,0.0
1.67,10.0,9.999575480554176,0.008280050634184738,8.534444013621703e-07,0.0
1.672,10.0,9.999591843329561,0.008181387692684833,7.377914423724929e-07,0.0
1.674,10.0,9.999608001631872,0.008079151154829517,6.253878006209651e-07,0.0
1.676,10.0,9.999623948724835,0.007973546482226984,5.162192153554758e-07,0.0
1.678,10.0,9.99963967827502,0.00786477509271348,4.1026918478863144e-07,0.0
1.68,10.0,9.999655184343673,0.007753034326396452,3.07519054766707e-07,0.0
1.682,10.0,9.999670461378507,0.007638517416259206,2.0794810643342207e-07,0.0
1.684,10.0,9.999685504205432,0.007521413463211845,1.1153364297144935e-07,0.0
1.686,10.0,9.999700308020262,0.007401907415431797,1.8251074478134508e-08,0.0
1.688,10.0,9.999714868380368,0.007280180051896393,-7.192599778971621e-08,0.0
1.69,10.0,9.999729181196306,0.007156407969963213,-1.590256988556527e-07,0.0
1.692,10.0,9.999743242723461,0.007030763576888533,-2.4307779844247814e-07,0.0
1.694,10.0,9.999757049553631,0.006903415085138061,-3.24113631198243e-07,0.0
1.696,10.0,9.999770598606654,0.006774526511390754,-4.0216601776246815e-07,0.0
1.698,10.0,9.999783887122012,0.0066442576790929075,-4.772691876588982e-07,0.0
1.7,10.0,9.999796912650462,0.006512764224456758,-5.494587032565144e-07,0.0
1.702,10.0,9.999809673045673,0.006380197605767595,-6.187713854948809e-07,0.0
1.704,10.0,9.999822166455903,0.0062467051159023,-6.852452405731042e-07,0.0
1.706,10.0,9.9998343913157,0.006112429897921075,-7.489193885334624e-07,0.0
1.708,10.0,9.999846346337627,0.005977510963620743,-8.098339932070989e-07,0.0
1.71,10.0,9.999858030504058,0.005842083214953617,-8.680301932210698e-07,0.0
1.712,10.0,9.999869443058993,0.005706277468161513,-9.235500352862197e-07,0.0
1.714,10.0,9.999880583499953,0.0055702204805612495,-9.764364079264306e-07,0.0
1.716,10.0,9.999891451569914,0.005434034979818057,-1.0267329778510563e-06,0.0
1.718,10.0,9.999902047249304,0.005297839695645405,-1.0744841268002706e-06,0.0
1.72,10.0,9.999912370748092,0.005161749393793711,-1.1197348905439063e-06,0.0
1.722,10.0,9.999922422497916,0.0050258749122363555,-1.1625308990797806e-06,0.0
1.724,10.0,9.999932203144313,0.004890323199442081,-1.2029183184841578e-06,0.0
1.726,10.0,9.999941713539023,0.004755197354637242,-1.2409437941405993e-06,0.0
1.728,10.0,9.999950954732363,0.0046205966699596245,-1.2766543954180072e-06,0.0
1.73,10.0,9.999959927965712,0.004486616674391916,-1.31009756213027e-06,0.0
1.732,10.0,9.999968634664071,0.004353349179393771,-1.3413210521430506e-06,0.0
1.734,10.0,9.999977076428722,0.004220882326133324,-1.3703728905504244e-06,0.0
1.736,10.0,9.99998525502999,0.004089300634213752,-1.3973013205714093e-06,0.0
1.738,10.0,9.999993172400094,0.003958685051815242,-1.4221547556614823e-06,0.0
1.74,10.0,10.000000830626108,0.003829113007166669,-1.4449817330002156e-06,0.0
1.742,10.0,10.000008231943031,0.0037006584612484864,-1.4658308686631749e-06,0.0
1.744,10.0,10.000015378726955,0.003573391961643533,-1.4847508141816634e-06,0.0
1.746,10.0,10.00002227348835,0.0034473806974596854,-1.5017902143611107e-06,0.0
1.748,10.0,10.00002891886546,0.0033226885552332234,-1.5169976667136137e-06,0.0
1.75,10.0,10.000035317617813,0.003199376175739361,-1.530421682152735e-06,0.0
1.752,10.0,10.000041472619836,0.003077501011620794,-1.5421106473164754e-06,0.0
1.754,10.0,10.000047386854607,0.0029571173857829308,-1.552112787724755e-06,0.0
1.756,10.0,10.000053063407707,0.0028382765504505374,-1.5604761329657552e-06,0.0
1.758,10.0,10.000058505461203,0.0027210267468390603,-1.567248482671092e-06,0.0
1.76,10.0,10.000063716287734,0.002605413265347206,-1.572477374314548e-06,0.0
1.762,10.0,10.000068699244746,0.0024914785062331124,-1.57621005165053e-06,0.0
1.764,10.0,10.000073457768828,0.002379262040675398,-1.578493435137407e-06,0.0
1.766,10.0,10.000077995370173,0.002268800672169472,-1.5793740933088676e-06,0.0
1.768,10.0,10.00008231562717,0.0021601284982010645,-1.578898215294633e-06,0.0
1.77,10.0,10.000086422181115,0.0020532769721245602,-1.5771115848240877e-06,0.0
1.772,10.0,10.000090318731045,0.0019482749652001744,-1.574059555161457e-06,0.0
1.774,10.0,10.000094009028702,0.001845148828714507,-1.5697870256315169e-06,0.0
1.776,10.0,10.000097496873614,0.0017439224561488851,-1.564338418893005e-06,0.0
1.778,10.0,10.000100786108305,0.0016446173453322258,-1.5577576595753854e-06,0.0
1.78,10.0,10.000103880613628,0.00154725266051936,-1.5500881542096676e-06,0.0
1.782,10.0,10.000106784304215,0.0014518452943678305,-1.5413727717738817e-06,0.0
1.784,10.0,10.000109501124076,0.0013584099297404264,-1.5316538258609558e-06,0.0
1.786,10.0,10.000112035042276,0.0012669591012883779,-1.520973057890841e-06,0.0
1.788,10.0,10.00011439004879,0.0011775032568033257,-1.5093716206584073e-06,0.0
1.79,10.0,10.000116570150427,0.0010900508182442572,-1.4968900640087524e-06,0.0
1.792,10.0,10.00011857936691,0.0010046082424408484,-1.4835683205944932e-06,0.0
1.794,10.0,10.000120421727074,0.0009211800814143877,-1.4694456930293638e-06,0.0
1.796,10.0,10.000122101265157,0.0008397690422743472,-1.4545608420901906e-06,0.0
1.798,10.0,10.00012362201725,0.0007603760466737969,-1.4389517754335826e-06,0.0
1.8,10.0,10.00012498801783,0.000683000289764151,-1.4226558377649764e-06,0.0
1.802,10.0,10.000126203296428,0.00060763929863205,-1.4057097015575695e-06,0.0
1.804,10.0,10.000127271874408,0.0005342889901877587,-1.3881493586200872e-06,0.0
1.806,10.0,10.000128197761866,0.00046294372846052796,-1.3700101128279485e-06,0.0
1.808,10.0,10.000128984954626,0.0003935963812914011,-1.3513265732691452e-06,0.0
1.81,10.0,10.00012963743138,0.000326238376378623,-1.3321326485787177e-06,0.0
1.812,10.0,10.000130159150894,0.00026085975666221905,-1.3124615417923132e-06,0.0
1.814,10.0,10.000130554049363,0.00019744923501683714,-1.2923457461046692e-06,0.0
1.816,10.0,10.00013082603786,0.00013599424823791014,-1.2718170411955686e-06,0.0
1.818,10.0,10.00013097899988,7.648101028952977e-05,-1.25090649049207e-06,0.0
1.82,10.0,10.00013101678901,1.8894564798964788e-05,-1.2296444390171708e-06,0.0
1.822,10.0,10.000130943226683,-3.6781163225257745e-05,-1.2080605120049833e-06,0.0
1.824,10.0,10.00013076210005,-9.05633164599916e-05,-1.186183613967665e-06,0.0
1.826,10.0,10.00013047715994,-0.00014247005514464252,-1.1640419285993847e-06,0.0
1.828,10.0,10.000130092118924,-0.00019252050777878292,-1.1416629191794618e-06,0.0
1.83,10.0,10.000129610649479,-0.0002407347226503781,-1.119073329483711e-06,0.0
1.832,10.0,10.000129036382239,-0.00028713362022535064,-1.0962991856560936e-06,0.0
1.834,10.0,10.000128372904346,-0.0003317389463826772,-1.0733657980361895e-06,0.0
1.836,10.0,10.000127623757892,-0.00037457322653061426,-1.0502977640584263e-06,0.0
1.838,10.0,10.00012679243845,-0.00041565972060382425,-1.0271189714538688e-06,0.0
1.84,10.0,10.000125882393693,-0.0004550223789430108,-1.0038526017946395e-06,0.0
1.842,10.0,10.000124897022095,-0.0004926857990680479,-9.805211345859973e-07,0.0
1.844,10.0,10.00012383967173,-0.0005286751833624078,-9.57146352058777e-07,0.0
1.846,10.0,10.000122713639135,-0.0005630162976587126,-9.337493440579446e-07,0.0
1.848,10.0,10.000121522168271,-0.0005957354307393768,-9.103505135503927e-07,0.0
1.85,10.0,10.000120268449562,-0.0006268593547512378,-8.869695824281465e-07,0.0
1.852,10.0,10.000118955618989,-0.0006564152865422125,-8.636255978059392e-07,0.0
1.854,10.0,10.00011758675729,-0.0006844308499099691,-8.40336938422251e-07,0.0
1.856,10.0,10.000116164889212,-0.0007109340387759542,-8.171213216497224e-07,0.0
1.858,10.0,10.00011469298285,-0.0007359531812866043,-7.939958108684841e-07,0.0
1.86,10.0,10.00011317394904,-0.0007595169048224556,-7.709768227424157e-07,0.0
1.862,10.0,10.000111610640836,-0.0007816541019333722,-7.480801352097544e-07,0.0
1.864,10.0,10.000110005853042,-0.0008023938971924956,-7.253208956356536e-07,0.0
1.866,10.0,10.000108362321813,-0.0008217656149628032,-7.027136291520611e-07,0.0
1.868,10.0,10.000106682724317,-0.0008397987480709297,-6.802722471995454e-07,0.0
1.87,10.0,10.000104969678462,-0.0008565229273915443,-6.580100564576239e-07,0.0
1.872,10.0,10.000103225742677,-0.0008719678923271902,-6.359397677636743e-07,0.0
1.874,10.0,10.000101453415752,-0.0008861634621916256,-6.140735055198005e-07,0.0
1.8760000000000001,10.0,10.000099655136735,-0.0008991395084807042,-5.924228170668405e-07,0.0
1.8780000000000001,10.0,10.00009783328488,-0.0009109259280296606,-5.709986823434251e-07,0.0
1.8800000000000001,10.0,10.000095990179645,-0.0009215526170418981,-5.498115235293607e-07,0.0
1.8820000000000001,10.0,10.000094128080754,-0.0009310494459886273,-5.28871214978944e-07,0.0
1.8840000000000001,10.0,10.000092249188283,-0.0009394462353686334,-5.081870932244108e-07,0.0
1.8860000000000001,10.0,10.000090355642818,-0.0009467727323303831,-4.877679673278351e-07,0.0
1.8880000000000001,10.0,10.000088449525643,-0.0009530585881270686,-4.676221288925289e-07,0.0
1.8900000000000001,10.0,10.00008653285897,-0.0009583333364089912,-4.4775736246134856e-07,0.0
1.8920000000000001,10.0,10.000084607606226,-0.0009626263723416941,-4.281809559542987e-07,0.0
1.8940000000000001,10.0,10.000082675672362,-0.0009659669325467565,-4.088997113271254e-07,0.0
1.8960000000000001,10.0,10.00008073890421,-0.0009683840758313705,-3.8991995477784855e-07,0.0
1.8980000000000001,10.0,10.000078799090879,-0.0009699066647278214,-3.7124754768951874e-07,0.0
1.9000000000000001,10.0,10.000076857964185,-0.0009705633477980355,-3.5288789687742075e-07,0.0
1.9020000000000001,10.0,10.000074917199099,-0.0009703825427323716,-3.34845965739941e-07,0.0
1.9040000000000001,10.0,10.000072978414257,-0.0009693924201871662,-3.171262844760115e-07,0.0
1.9060000000000001,10.0,10.00007104317248,-0.0009676208883820166,-2.9973296101827536e-07,0.0
1.9080000000000001,10.0,10.000069112981324,-0.0009650955784278633,-2.82669691600076e-07,0.0
1.9100000000000001,10.0,10.000067189293665,-0.0009618438303853711,-2.659397715666457e-07,0.0
1.9120000000000001,10.0,10.000065273508303,-0.0009578926800248754,-2.495461058143588e-07,0.0
1.9140000000000001,10.0,10.000063366970611,-0.0009532688462873244,-2.3349121946240257e-07,0.0
1.9160000000000001,10.0,10.000061470973172,-0.0009479987194419239,-2.1777726867555856e-07,0.0
1.9180000000000001,10.0,10.000059586756471,-0.0009421083499004348,-2.0240605085631197e-07,0.0
1.92,10.0,10.000057715509596,-0.0009356234377034946,-1.8737901540168415e-07,0.0
1.922,10.0,10.000055858370951,-0.0009285693226451881,-1.7269727395763164e-07,0.0
1.924,10.0,10.000054016429,-0.0009209709750310896,-1.5836161079209917e-07,0.0
1.926,10.0,10.000052190723027,-0.0009128529870619101,-1.4437249321756407e-07,0.0
1.928,10.0,10.000050382243899,-0.0009042395648201761,-1.307300817394507e-07,0.0
1.93,10.0,10.000048591934856,-0.0008951545208468514,-1.1743424012952625e-07,0.0
1.932,10.0,10.000046820692322,-0.0008856212672977081,-1.044845454828115e-07,0.0
1.934,10.0,10.000045069366703,-0.0008756628096713629,-9.188029830051413e-08,0.0
1.936,10.0,10.000043338763222,-0.0008653017410777254,-7.962053209065438e-08,0.0
1.938,10.0,10.000041629642746,-0.0008545602370558073,-6.770402335255998e-08,0.0
1.94,10.0,10.000039942722644,-0.0008434600509057769,-5.6129300987061697e-08,0.0
1.942,10.0,10.000038278677625,-0.0008320225095412181,-4.489465601615279e-08,0.0
1.944,10.0,10.000036638140607,-0.0008202685098364783,-3.399815093631517e-08,0.0
1.946,10.0,10.000035021703576,-0.0008082185154495107,-2.3437628817205345e-08,0.0
1.948,10.0,10.000033429918467,-0.0007958925541211282,-1.321072258628007e-08,0.0
1.95,10.0,10.000031863298037,-0.000783310215433976,-3.3148641155844317e-09,0.0
1.952,10.0,10.000030322316737,-0.0007704906490095679,6.252707003468248e-09,0.0
1.954,10.0,10.000028807411612,-0.0007574525631344016,1.5494934728371248e-08,0.0
1.956,10.0,10.000027318983163,-0.0007442142238114989,2.4414937763801167e-08,0.0
1.958,10.0,10.000025857396254,-0.0007307934542047532,3.3016001322929736e-08,0.0
1.96,10.0,10.000024422980987,-0.0007172076344834914,4.130156859008831e-08,0.0
1.962,10.0,10.000023016033584,-0.0007034737020304654,4.92752328462182e-08,0.0
1.964,10.0,10.000021636817278,-0.0006896081520298355,5.694072910611362e-08,0.0
1.966,10.0,10.000020285563203,-0.0006756270383969336,6.43019264567216e-08,0.0
1.968,10.0,10.000018962471252,-0.0006615459750611459,7.136282002869423e-08,0.0
1.97,10.0,10.000017667710976,-0.0006473801375556234,7.812752385467047e-08,0.0
1.972,10.0,10.000016401422446,-0.0006331442649396106,8.460026305771328e-08,0.0
1.974,10.0,10.000015163717121,-0.0006188526620137483,9.078536678862995e-08,0.0
1.976,10.0,10.00001395467872,-0.0006045192018302916,9.668726101860798e-08,0.0
1.978,10.0,10.000012774364063,-0.0005901573284818651,1.0231046158624532e-07,0.0
1.98,10.0,10.000011622803942,-0.0005757800601510158,1.0765956753439175e-07,0.0
1.982,10.0,10.000010500003958,-0.0005613999924223472,1.1273925431698753e-07,0.0
1.984,10.0,10.000009405945354,-0.0005470293018407126,1.1755426727475733e-07,0.0
1.986,10.0,10.000008340585856,-0.000532679749697589,1.2210941541501694e-07,0.0
1.988,10.0,10.000007303860484,-0.0005183626860390534,1.2640956525539604e-07,0.0
1.99,10.0,10.000006295682374,-0.0005040890538889884,1.3045963472917606e-07,0.0
1.992,10.0,10.000005315943588,-0.000489869393673091,1.342645873303053e-07,0.0
1.994,10.0,10.000004364515892,-0.0004757138478314449,1.3782942645526938e-07,0.0
1.996,10.0,10.000003441251561,-0.0004616321656090459,1.411591899107193e-07,0.0
1.998,10.0,10.000002545984145,-0.00044763370801898476,1.4425894447440526e-07,0.0
2.0,10.0,10.001835143473658,0.9162987447563526,1.4713378069355404e-07,0.02
2.0020000000000002,10.0,10.005462399883076,1.8136282047093861,-0.00010345946028841498,0.02
2.004,10.0,10.010839004511526,2.6883023142244373,-0.00028449546218186787,0.02
2.0060000000000002,10.0,10.01791505842153,3.5380269550018046,-0.0005234895704421018,0.02
2.008,10.0,10.026637477846869,4.361209712670215,-0.0008059337785177246,0.02
2.0100000000000002,10.0,10.036951038448958,5.156780301044409,-0.001120992873931228,0.02
2.012,10.0,10.048799153636491,5.924057593766835,-0.0014605503066524941,0.02
2.0140000000000002,10.0,10.062124455873693,6.662651118601037,-0.0018185027453857649,0.02
2.016,10.0,10.076869231944414,7.372388035360331,-0.0021902384958713337,0.02
2.0180000000000002,10.0,10.092975749862374,8.053258958980553,-0.002572251853131873,0.02
2.02,10.0,10.11038650530173,8.705377719677234,-0.0029618579527735905,0.02
2.0220000000000002,10.0,10.129044408164718,9.328951431494678,-0.0033569819231166727,0.02
2.024,10.0,10.148892924537584,9.924258186433361,-0.0037560029689318124,0.02
2.0260000000000002,10.0,10.169876185318907,10.491630390660891,-0.004157639066489652,0.02
2.028,10.0,10.191939069871587,11.03144227634015,-0.0045608616824855345,0.02
2.0300000000000002,10.0,10.215027270881311,11.544100504862369,-0.004964832689240518,0.02
2.032,10.0,10.23908734500108,12.03003705988393,-0.0053688576890242,0.02
2.0340000000000003,10.0,10.264066752676094,12.489703837506847,-0.005772351468921166,0.02
2.036,10.0,10.289913889666929,12.923568495417502,-0.006174812423005922,0.02
2.0380000000000003,10.0,10.316578112140935,13.332111237003703,-0.006575803603204628,0.02
2.04,10.0,10.344009756722741,13.71582229090335,-0.006974938669885207,0.02
2.0420000000000003,10.0,10.372160156540462,14.07519990885968,-0.007371871463965799,0.02
2.044,10.0,10.400981654042273,14.410748750905793,-0.00776628825558101,0.02
2.0460000000000003,10.0,10.430427611164308,14.722978561017161,-0.008157901970730647,0.02
2.048,10.0,10.46045241728749,15.012403061591431,-0.0085464478794927,0.02
2.05,10.0,10.491011495315007,15.279539013758882,-0.008931680364059889,0.02
2.052,10.0,10.522061306123625,15.524905404308603,-0.009313370484425926,0.02
2.054,10.0,10.55355935158403,15.749022730202691,-0.009691304133161856,0.02
2.056,10.0,10.58546417630239,15.952412359180233,-0.010065280625146042,0.02
2.058,10.0,10.617735368203425,16.135595950517597,-0.010435111608348452,0.02
2.06,10.0,10.650333558051672,16.29909492412388,-0.010800620211513859,0.02
2.062,10.0,10.68322041799005,16.443429969188834,-0.011161640366581613,0.02
2.064,10.0,10.716358659161742,16.569120585845205,-0.011518016259936238,0.02
2.066,10.0,10.749712028471672,16.676684654965484,-0.011869601878600998,0.02
2.068,10.0,10.783245304536546,16.76663803243705,-0.012216260626370596,0.02
2.07,10.0,10.816924292866874,16.8394941651634,-0.012557864991446361,0.02
2.072,10.0,10.850715820320286,16.89576372670579,-0.012894296251990131,0.02
2.074,10.0,10.884587728862227,16.93595427097115,-0.013225444209600442,0.02
2.076,10.0,10.918508868667656,16.96056990271437,-0.013551206943365049,0.02
2.078,10.0,10.952449090595437,16.970110963889816,-0.013871490579102403,0.02
2.08,10.0,10.9863792380656,16.965073735082825,-0.014186209069849546,0.02
2.082,10.0,11.020271138368393,16.94595015139622,-0.01449528398472377,0.02
2.084,10.0,11.054097593432937,16.913227532272256,-0.014798644304072711,0.02
2.086,10.0,11.087832370082554,16.86738832480778,-0.015096226219407663,0.02
2.088,10.0,11.121450189802907,16.80890986017678,-0.015387972937045566,0.02
2.09,10.0,11.154926718048538,16.7382641228154,-0.01567383448469854,0.02
2.092,10.0,11.188238553112647,16.65591753205442,-0.01595376752048298,0.02
2.094,10.0,11.221363214584457,16.562330735905505,-0.016227735143989206,0.02
2.096,10.0,11.254279131417904,16.457958416723095,-0.016495706709178236,0.02
2.098,10.0,11.286965629634853,16.343249108474716,-0.016757657638961563,0.02
2.1,10.0,11.319402919685574,16.218645025360352,-0.017013569241387614,0.02
2.102,10.0,11.35157208348863,16.084581901527145,-0.01726342852740321,0.02
2.104,10.0,11.383455061171889,15.94148884162937,-0.017507228030195242,0.02
2.106,10.0,11.415034637535861,15.789788181986646,-0.017744965626138615,0.02
2.108,10.0,11.446294428260051,15.629895362095043,-0.017976644357395325,0.02
2.11,10.0,11.477218865872546,15.462218806247314,-0.01820227225621878,0.02
2.112,10.0,11.507793185502585,15.287159815019514,-0.018421862171025163,0.02
2.114,10.0,11.53800341043535,15.105112466382128,-0.018635431594297334,0.02
2.116,10.0,11.567836337487739,14.916463526194596,-0.01884300249238968,0.02
2.118,10.0,11.597279522223424,14.721592367842934,-0.019044601137299895,0.02
2.12,10.0,11.626321264024984,14.520870900780865,-0.019240257940476485,0.02
2.122,10.0,11.654950591040455,14.314663507735752,-0.019430007288725896,0.02
2.124,10.0,11.683157245021137,14.103326990341547,-0.019613887382282542,0.02
2.126,10.0,11.710931666067061,13.887210522962048,-0.019791940075102123,0.02
2.128,10.0,11.738264977296,13.66665561446887,-0.019964210717435146,0.02
2.13,10.0,11.76514896945148,13.441996077739852,-0.020130748000735103,0.02
2.132,10.0,11.79157608546477,13.213558006645062,-0.020291603804951694,0.02
2.134,10.0,11.81753940498535,12.981659760289073,-0.020446833048256896,0.02
2.136,10.0,11.84303262889391,12.74661195427987,-0.020596493539247845,0.02
2.138,10.0,11.868050063811504,12.508717458796596,-0.020740645831667345,0.02
2.14,10.0,11.892586606617964,12.26827140323022,-0.020879353081679184,0.02
2.142,10.0,11.916637728992312,12.025561187173283,-0.021012680907732798,0.02
2.144,10.0,11.940199461987385,11.780866497537053,-0.021140697253048082,0.02
2.146,10.0,11.963268380650538,11.53445933157668,-0.02126347225074742,0.02
2.148,10.0,11.985841588701753,11.286604025607339,-0.021381078091660784,0.02
2.15,10.0,12.006083238335727,10.120824816987474,-0.021493588894824254,0.0
2.152,10.0,12.024030278571551,8.973520117912566,-0.021497471331595186,0.0
2.154,10.0,12.039726618434713,7.848169931580968,-0.021418983055742104,0.0
2.156,10.0,12.05322122334374,6.7473024545138065,-0.021277674517439293,0.0
2.158,10.0,12.064566696824249,5.672736740253741,-0.02108813430942018,0.0
2.16,10.0,12.073818221491353,4.625762333551671,-0.020861279552006097,0.0
2.162,10.0,12.081032766094182,3.607272301415636,-0.02060530991169158,0.0
2.164,10.0,12.086268489705303,2.61786180555956,-0.020326412934583878,0.0
2.166,10.0,12.089584292095454,1.6579011950766265,-0.020029285520593118,0.0
2.168,10.0,12.091039472610733,0.7275902576400369,-0.019717519466442613,0.0
2.17,10.0,12.090693469684945,-0.17300146289444152,-0.019393886512384044,0.0
2.172,10.0,12.088605660376997,-1.0439046539735926,-0.019060549090836116,0.0
2.174,10.0,12.084835204688428,-1.8852278442845853,-0.018719216146161725,0.0
2.176,10.0,12.079440923382775,-2.697140652826127,-0.018371258345866122,0.0
2.178,10.0,12.072481200961137,-3.4798612108184166,-0.01801779327063995,0.0
2.18,10.0,12.06401390761632,-4.233646672408209,-0.017659748410833273,0.0
2.182,10.0,12.054096335590856,-4.958786012732797,-0.017297907756497186,0.0
2.184,10.0,12.042785146549168,-5.655594520844508,-0.016932946259554275,0.0
2.186,10.0,12.030136327450231,-6.324409549468348,-0.01656545533131242,0.0
2.188,10.0,12.016205153054695,-6.9655871977675,-0.01619596171392389,0.0
2.19,10.0,12.001046153679253,-7.579499687721013,-0.01582494145472294,0.0
2.192,10.0,11.98471308716498,-8.166533257136258,-0.015452830261630662,0.0
2.194,10.0,11.967258914288054,-8.727086438462813,-0.015080031184559348,0.0
2.196,10.0,11.948735777034681,-9.261568626687039,-0.014706920321367474,0.0
2.198,10.0,11.929194979305075,-9.770398864803585,-0.01433385106475257,0.0
2.2,10.0,11.908686969717074,-10.254004794000574,-0.013961157271796325,0.0
2.202,10.0,11.887261326258129,-10.712821729473525,-0.013589155638303574,0.0
2.204,10.0,11.864966742592195,-11.147291832966618,-0.013218147486463832,0.0
2.206,10.0,11.841851015870864,-11.557863360665953,-0.012848420119939481,0.0
2.208,10.0,11.817961035929601,-11.94498997063078,-0.012480247860247417,0.0
2.21,10.0,11.793342775773487,-12.309130078057365,-0.012113892848553857,0.0
2.212,10.0,11.768041283274076,-12.650746249705332,-0.011749605675011288,0.0
2.214,10.0,11.742100674011962,-12.970304631057477,-0.011387625881506868,0.0
2.216,10.0,11.715564125209085,-13.268274401438527,-0.011028182371673457,0.0
2.218,10.0,11.688473870702005,-13.545127253539224,-0.010671493753131207,0.0
2.22,10.0,11.660871196912622,-13.801336894692156,-0.010317768630357315,0.0
2.222,10.0,11.632796439776802,-14.037378567909276,-0.009967205861731034,0.0
2.224,10.0,11.604288982594444,-14.253728591179174,-0.009619994790710632,0.0
2.226,10.0,11.575387254766682,-14.450863913881216,-0.009276315458449848,0.0
2.228,10.0,11.546128731387807,-14.629261689437074,-0.008936338803201656,0.0
2.23,10.0,11.516549933660782,-14.78939886351303,-0.008600226850411827,0.0
2.232,10.0,11.486686430106326,-14.931751777227452,-0.00826813289633527,0.0
2.234,10.0,11.456572838536486,-15.056795784920112,-0.00794020168722017,0.0
2.236,10.0,11.426242828764256,-15.165004886114344,-0.007616569595524051,0.0
2.238,10.0,11.395729126021543,-15.256851371356356,-0.007297364794196318,0.0
2.24,10.0,11.365063515058235,-15.332805481653976,-0.006982707429747042,0.0
2.242,10.0,11.334276844895708,-15.393335081263977,-0.006672709794589413,0.0
2.244,10.0,11.303399034208516,-15.438905343595703,-0.006367476498973795,0.0
2.246,10.0,11.272459077308495,-15.469978450011174,-0.006067104642705511,0.0
2.248,10.0,11.241485050705874,-15.487013301310203,-0.0057716839867499245,0.0
2.25,10.0,11.210504120222486,-15.490465241694011,-0.005481297124760381,0.0
2.2520000000000002,10.0,11.17954254863248,-15.480785795003666,-0.0051960196545187565,0.0
2.254,10.0,11.148625703806417,-15.458422413030949,-0.004915920349244325,0.0
2.2560000000000002,10.0,11.117778067335019,-15.423818235699292,-0.00464106132870274,0.0
2.258,10.0,11.087023243609194,-15.37741186291186,-0.004371498230031144,0.0
2.2600000000000002,10.0,11.056383969333469,-15.319637137862745,-0.00410728037818411,0.0
2.262,10.0,11.025882123450257,-15.25092294160583,-0.0038484509558992233,0.0
2.2640000000000002,10.0,10.995538737452907,-15.171692998674322,-0.003595047173076644,0.0
2.266,10.0,10.965374006065824,-15.082365693542403,-0.00334710043546575,0.0
2.2680000000000002,10.0,10.935407298270386,-14.983353897718906,-0.0031046365125525664,0.0
2.27,10.0,10.905657168655862,-14.875064807261328,-0.002867675704540968,0.0
2.2720000000000002,10.0,10.876141369074869,-14.757899790497246,-0.0026362330083254826,0.0
2.274,10.0,10.846876860583391,-14.63225424573898,-0.002410318282354062,0.0
2.2760000000000002,10.0,10.81787982564584,-14.498517468776127,-0.0021899364102824434,0.0
2.278,10.0,10.78916568058598,-14.357072529929976,-0.0019750874633269275,0.0
2.2800000000000002,10.0,10.760749088265074,-14.208296160452804,-0.0017657668612228944,0.0
2.282,10.0,10.732643970968965,-14.052558648054768,-0.0015619655317034012,0.0
2.2840000000000003,10.0,10.704863523486283,-13.890223741340627,-0.0013636700684136463,0.0
2.286,10.0,10.677420226360407,-13.721648562938375,-0.001170862887181429,0.0
2.2880000000000003,10.0,10.650325859298203,-13.547183531101973,-0.0009835223805690595,0.0
2.29,10.0,10.623591514719061,-13.367172289570414,-0.0008016230706330164,0.0
2.2920000000000003,10.0,10.597227611428128,-13.181951645465839,-0.0006251357598252424,0.0
2.294,10.0,10.5712439083981,-12.9918515150139,-0.00045402767996995455,0.0
2.2960000000000003,10.0,10.54564951864436,-12.797194876870233,-0.00028826263925638054,0.0
2.298,10.0,10.520452923178684,-12.598297732837777,-0.0001278011671900399,0.0
2.3000000000000003,10.0,10.495661985027162,-12.395469075760701,2.7399342550702213e-05,0.0
2.302,10.0,10.471283963298399,-12.189010864381773,0.00017738449140267728,0.0
2.3040000000000003,10.0,10.447325527288497,-11.979218004951317,0.0003222027373973816,0.0
2.306,10.0,10.423792770609742,-11.766378339377384,0.00046190525887421924,0.0
2.308,10.0,10.400691225330327,-11.55077263970817,0.0005965458204677566,0.0
2.31,10.0,10.378025876112847,-11.332674608739524,0.0007261806414055726,0.0
2.312,10.0,10.355801174339764,-11.1123508865421,0.0008508682661496512,0.0
2.314,10.0,10.334021052214355,-10.890061062704607,0.000970669437411655,0.0
2.316,10.0,10.312688936826172,-10.666057694091633,0.0010856469715701022,0.0
2.318,10.0,10.291807764170338,-10.440586327916655,0.0011958656365124495,0.0
2.32,10.0,10.271379993110472,-10.213885529932998,0.001301392031924688,0.0
2.322,10.0,10.251407619275376,-9.986186917547826,0.0014022944720467208,0.0
2.324,10.0,10.231892188880044,-9.757715197666672,0.0014986428709095447,0.0
2.326,10.0,10.212834812461887,-9.528688209078394,0.0015905086300676869,0.0
2.328,10.0,10.194236178523502,-9.299316969193093,0.0016779645288377298,0.0
2.33,10.0,10.176096567073605,-9.069805724948035,0.0017610846170514416,0.0
2.332,10.0,10.158415863058206,-8.840352007699417,0.0018399441103291352,0.0
2.334,10.0,10.141193569674366,-8.611146691920462,0.0019146192878771763,0.0
2.336,10.0,10.124428821559308,-8.38237405752919,0.0019851873928115227,0.0
2.338,10.0,10.108120397847964,-8.154211855672068,0.0020517265350055575,0.0
2.34,10.0,10.092266735092378,-7.926831377792644,0.002114315596459932,0.0
2.342,10.0,10.076865940036743,-7.7003975278172145,0.002173034139190061,0.0
2.344,10.0,10.06191580224216,-7.475068897292609,0.002227962315623333,0.0
2.346,10.0,10.04741380655553,-7.250997843314181,0.0022791807814983175,0.0
2.348,10.0,10.03335714541736,-7.02833056908517,0.0023267706112549157,0.0
2.35,10.0,10.019742731003458,-6.807207206951733,0.002370813215903219,0.0
2.352,10.0,10.006567207195936,-6.587761903761025,0.002411390263357952,0.0
2.354,10.0,9.993826961379149,-6.370122908392899,0.0024485836012215103,0.0
2.356,10.0,9.98151813605651,-6.154412661318963,0.002482475181999841,0.0
2.358,10.0,9.969636640284419,-5.940747886045902,0.0025131469907319934,0.0
2.36,10.0,9.958178160919813,-5.7292396823032,0.002540680975013539,0.0
2.362,10.0,9.947138173678136,-5.519993620838589,0.002565158977392773,0.0
2.364,10.0,9.93651195399876,-5.313109839687793,0.002586662670116623,0.0
2.366,10.0,9.926294587715182,-5.108683141788372,0.002605273492202628,0.0
2.368,10.0,9.916480981527561,-4.906803093810635,0.0026210725888128434,0.0
2.37,10.0,9.907065873275398,-4.707554126081895,0.002634140752902239,0.0
2.372,10.0,9.89804384200843,-4.511015633483515,0.0026445583691158342,0.0
2.374,10.0,9.889409317854025,-4.317262077203415,0.002652405359905339,0.0
2.376,10.0,9.881156591679563,-4.126363087229946,0.0026577611338370563,0.0
2.378,10.0,9.873279824548613,-3.9383835654761663,0.0026607045360612916,0.0
2.38,10.0,9.865773056969758,-3.753383789426824,0.0026613138009116085,0.0
2.382,10.0,9.858630217937352,-3.571419516203426,0.002659666506603969,0.0
2.384,10.0,9.85184513376346,-3.3925420869460017,0.0026558395320019613,0.0
2.386,10.0,9.845411536700633,-3.2167985314132452,0.0026499090154163732,0.0
2.388,10.0,9.83932307335522,-3.0442316727058216,0.0026419503154059046,0.0
2.39,10.0,9.833573312891179,-2.8748802320207583,0.0026320379735435702,0.0
2.392,10.0,9.828155755024484,-2.708778933347831,0.002620245679116117,0.0
2.394,10.0,9.82306383780844,-2.545958608021922,0.0026066462357201853,0.0
2.396,10.0,9.818290945210345,-2.386446299048331,0.0025913115297200966,0.0
2.398,10.0,9.813830414480103,-2.230265365120958,0.002574312500531932,0.0
2.4,10.0,9.80967554331159,-2.077435584256248,0.0025557191126971725,0.0
2.402,10.0,9.805819596797653,-1.9279732569686563,0.002535600329710042,0.0
2.404,10.0,9.802255814179821,-1.7818913089162873,0.002514024089561408,0.0
2.406,10.0,9.798977415393924,-1.6391993929481958,0.002491057281962623,0.0
2.408,10.0,9.795977607412949,-1.4999039904876075,0.0024667657272120823,0.0
2.41,10.0,9.793249590388573,-1.3640085121880874,0.002441214156667702,0.0
2.412,10.0,9.790786563592967,-1.2315133978024173,0.0024144661947873283,0.0
2.414,10.0,9.788581731162553,-1.1024162152066,0.0023865843427001688,0.0
2.416,10.0,9.786628307645506,-0.9767117585240462,0.00235762996327185,0.0
2.418,10.0,9.784919523354912,-0.8543921452976027,0.0023276632676255357,0.0
2.42,10.0,9.783448629529593,-0.735446912659628,0.002296743303081681,0.0
2.422,10.0,9.782208903304687,-0.6198631124528322,0.0022649279424791086,0.0
2.424,10.0,9.781193652494172,-0.5076254052570505,0.0022322738748404188,0.0
2.426,10.0,9.780396220187614,-0.3987161532795631,0.002198836597344003,0.0
2.428,10.0,9.779809989163477,-0.2931155120689048,0.002164670408566703,0.0
2.43,10.0,9.779428386121447,-0.19080152101448888,0.0021298284029590466,0.0
2.432,10.0,9.779244885736254,-0.09175019259660397,0.0020943624665175774,0.0
2.434,10.0,9.779253014535547,0.004064399646382441,0.0020583232736169207,0.0
2.436,10.0,9.779446354604477,0.09667003446463678,0.0020217602849664736,0.0
2.438,10.0,9.77981854711965,0.18609625758610895,0.0019847217466544493,0.0
2.44,10.0,9.7803632957152,0.2723742977752265,0.0019472546902454559,0.0
2.442,10.0,9.78107436968377,0.3555369842857105,0.001909404933894479,0.0
2.444,10.0,9.781945607015231,0.4356186657302543,0.0018712170844436128,0.0
2.446,10.0,9.782970917276007,0.5126551303878262,0.0018327345404663441,0.0
2.448,10.0,9.784144284331942,0.586683527967459,0.00179399949622516,0.0
2.45,10.0,9.785459768917633,0.6577422928455451,0.0017550529465088544,0.0
2.452,10.0,9.786911511055218,0.7258710687918379,0.001715934692315838,0.0
2.454,10.0,9.78849373232561,0.7911106351975884,0.0016766833473500407,0.0
2.456,10.0,9.790200737995246,0.8535028348175714,0.0016373363452976569,0.0
2.458,10.0,9.792026919001318,0.91309050303605,0.0015979299478514808,0.0
2.46,10.0,9.793966753798648,0.9699173986651419,0.0015584992534519425,0.0
2.462,10.0,9.796014810071213,1.0240281362824573,0.001519078206712836,0.0
2.464,10.0,9.798165746311438,1.0754681201133667,0.001479699608501319,0.0
2.466,10.0,9.800414313270364,1.1242834794617846,0.0014403951266418543,0.0
2.468,10.0,9.802755355281747,1.1705210056919058,0.00140119530721379,0.0
2.47,10.0,9.805183811463271,1.2142280907619676,0.001362129586413878,0.0
2.472,10.0,9.80769471679789,1.2554526673097453,0.0013232263029539636,0.0
2.474,10.0,9.810283203098466,1.2942431502882323,0.0012845127109667694,0.0
2.476,10.0,9.812944499858764,1.3306483801486695,0.001246014993390753,0.0
2.478,10.0,9.815673934993898,1.3647175675668959,0.0012077582758073158,0.0
2.48,10.0,9.818466935473312,1.3965002397078308,0.0011697666407034933,0.0
2.482,10.0,9.821319027849356,1.426046188021797,0.0011320631421343065,0.0
2.484,10.0,9.824225838684487,1.4534054175652722,0.0010946698207580702,0.0
2.486,10.0,9.827183094880162,1.4786280978376694,0.0010576077192206833,0.0
2.488,10.0,9.830186623910413,1.5017645151247463,0.0010208968978638944,0.0
2.49,10.0,9.83323235396309,1.5228650263382477,0.0009845564507328403,0.0
2.492,10.0,9.836316313991771,1.5419800143405449,0.0009486045218605706,0.0
2.494,10.0,9.839434633681254,1.559159844742109,0.0009130583218057279,0.0
2.496,10.0,9.842583543329573,1.5744548241588499,0.0008779341444212829,0.0
2.498,10.0,9.845759373649402,1.5879151599155532,0.0008432473838326001,0.0
2.5,10.0,9.848958555491764,1.5995909211809014,0.0008090125516036066,0.0
2.5020000000000002,10.0,9.852177619494801,1.6095320015188315,0.0007752432940700025,0.0
2.504,10.0,9.855413195660482,1.617788082840314,0.0007419524098197012,0.0
2.5060000000000002,10.0,9.858662012861961,1.624408600738994,0.0007091518673007878,0.0
2.508,10.0,9.861920898284346,1.6294427111935206,0.0006768528225378828,0.0
2.5100000000000002,10.0,9.865186776801584,1.6329392586188185,0.0006450656369384733,0.0
2.512,10.0,9.868456670292082,1.6349467452480144,0.0006137998951710102,0.0
2.5140000000000002,10.0,9.871727696895734,1.6355133018262369,0.0005830644230978765,0.0
2.516,10.0,9.874997070214928,1.6346866595970235,0.0005528673057458839,0.0
2.5180000000000002,10.0,9.87826209846205,1.6325141235616092,0.000523215905297661,0.0
2.52,10.0,9.881520183556033,1.6290425469910077,0.0004941168790890798,0.0
2.5220000000000002,10.0,9.884768820170374,1.6243183071703666,0.0004655761975963359,0.0
2.524,10.0,9.888005594735084,1.6183872823547698,0.0004375991623988034,0.0
2.5260000000000002,10.0,9.891228184394915,1.611294829915303,0.00041019042410262764,0.0
2.528,10.0,9.894434355926222,1.603085765653934,0.00038335400021182495,0.0
2.5300000000000002,10.0,9.897621964614753,1.5938043442654812,0.00035709329293340773,0.0
2.532,10.0,9.900788953096603,1.583494240924713,0.0003314111069038488,0.0
2.5340000000000003,10.0,9.903933350164555,1.572198533976409,0.00030630966682470965,0.0
2.536,10.0,9.907053269541967,1.5599596887060196,0.0002817906349952831,0.0
2.5380000000000003,10.0,9.910146908626304,1.54681954216842,0.00025785512873156033,0.0
2.54,10.0,9.91321254720441,1.5328192890520924,0.00023450373765996312,0.0
2.5420000000000003,10.0,9.91624854614152,1.517999468555993,0.00021173654087640944,0.0
2.544,10.0,9.919253346046032,1.5023999522562324,0.00018955312395984702,0.0
2.5460000000000003,10.0,9.922225465911913,1.486059932939655,0.00016795259583135568,0.0
2.548,10.0,9.925163501740675,1.469017914381352,0.0001469336054497986,0.0
2.5500000000000003,10.0,9.928066125144762,1.4513117020431283,0.00012649435833564132,0.0
2.552,10.0,9.930932081934102,1.4329783946699044,0.00010663263291387328,0.0
2.5540000000000003,10.0,9.933760190687625,1.414054376761099,8.734579666986697e-05,0.0
2.556,10.0,9.936549341311414,1.3945753118940256,6.863082210937328e-05,0.0
2.5580000000000003,10.0,9.939298493585166,1.37457613687642,5.0484302516788475e-05,0.0
2.56,10.0,9.942006675698577,1.354091056705268,3.2902467504746413e-05,0.0
2.562,10.0,9.944672982779196,1.3331535403091932,1.588119834906984e-05,0.0
2.564,10.0,9.947296575413299,1.3117963170517684,-5.839568966764432e-07,0.0
2.566,10.0,9.949876678161244,1.2900513739732393,-1.6497768512079144e-05,0.0
2.568,10.0,9.95241257806874,1.2679499537482615,-3.186531045171388e-05,0.0
2.57,10.0,9.954903623175415,1.2455225533374161,-4.669194592213876e-05,0.0
2.572,10.0,9.957349221022037,1.2227989233104333,-6.098331319817792e-05,0.0
2.574,10.0,9.959748837157676,1.1998080678192136,-7.474531168282666e-05,0.0
2.576,10.0,9.962101993648075,1.1765782451989308,-8.798408821400646e-05,0.0
2.578,10.0,9.964408267586425,1.1531369691756967,-0.00010070602362162814,0.0
2.58,10.0,9.966667289607745,1.1295110106594841,-0.00011291771953769964,0.0
2.582,10.0,9.968878742407947,1.1057264001012181,-0.000124625985462199,0.0
2.584,10.0,9.971042359268733,1.0818084303931863,-0.0001358378260869723,0.0
2.586,10.0,9.973157922589317,1.0577816602921417,-0.000146560428879836,0.0
2.588,10.0,9.975225262426006,1.0336699183447517,-0.00015680115193028143,0.0
2.59,10.0,9.977244255040597,1.0094963072952752,-0.00016656751205857502,0.0
2.592,10.0,9.979214821458509,0.9852832089556334,-0.00017586717318936228,0.0
2.594,10.0,9.981136926037546,0.961052289518311,-0.00018470793499063775,0.0
2.596,10.0,9.98301057504813,0.9368245052928231,-0.00019309772177839664,0.0
2.598,10.0,9.984835815265825,0.9126201088467418,-0.0002010445716881302,0.0
2.6,10.0,9.98661273257689,0.8884586555325792,-0.0002085566261130969,0.0
2.602,10.0,9.988341450597654,0.8643590103821652,-0.0002156421194085475,0.0
2.604,10.0,9.990022129308354,0.8403393553503997,-0.00022230936886294221,0.0
2.606,10.0,9.991654963702135,0.8164171968906168,-0.0002285667649347628,0.0
2.608,10.0,9.993240182449824,0.7926093738441097,-0.00023442276175428582,0.0
2.61,10.0,9.994778046581077,0.7689320656266724,-0.00023988586788973194,0.0
2.612,10.0,9.996268848182467,0.745400800695318,-0.0002449646373770829,0.0
2.614,10.0,9.997712909113025,0.7220304652787354,-0.0002496676610108031,0.0
2.616,10.0,9.999110579737735,0.6988353123552694,-0.00025400355789617553,0.0
2.618,10.0,10.00046223767946,0.6758289708626498,-0.0002579809672594504,0.0
2.62,10.0,10.001768286589707,0.653024455123939,-0.000261608540515852,0.0
2.622,10.0,10.003029154938657,0.6304341744745646,-0.00026489493359233853,0.0
2.624,10.0,10.004245294824809,0.6080699430756149,-0.0002678487995034924,0.0
2.626,10.0,10.005417180804606,0.5859429898989273,-0.00027047878117809155,0.0
2.628,10.0,10.006545308742346,0.5640639688698178,-0.0002727935045344767,0.0
2.63,10.0,10.007630194680653,0.5424429691536592,-0.0002748015718017577,0.0
2.632,10.0,10.0086723737318,0.5210895255728701,-0.0002765115550840123,0.0
2.634,10.0,10.00967239899008,0.5000126291411661,-0.0002779319901658159,0.0
2.636,10.0,10.010630840465485,0.479220737702339,-0.0002790713705546066,0.0
2.638,10.0,10.011548284038806,0.4587217866610849,-0.00027993814175891567,0.0
2.64,10.0,10.012425330438395,0.4385231997938161,-0.0002805406957975696,0.0
2.642,10.0,10.01326259423865,0.41863190012768653,-0.0002808873659378519,0.0
2.644,10.0,10.014060702880403,0.39905432087640935,-0.00028098642165897694,0.0
2.646,10.0,10.014820295713248,0.3797964164217759,-0.0002808460638377303,0.0
2.648,10.0,10.01554202305991,0.3608636733301102,-0.0002804744201530128,0.0
2.65,10.0,10.016226545302695,0.34226112139326004,-0.0002798795407050715,0.0
2.652,10.0,10.016874531992062,0.32399334468400043,-0.00027906939384703545,0.0
2.654,10.0,10.017486660977294,0.3060644926160835,-0.00027805186222448774,0.0
2.656,10.0,10.018063617559294,0.28847829099950106,-0.0002768347390192105,0.0
2.658,10.0,10.018606093665458,0.27123805308181126,-0.0002754257243942211,0.0
2.66,10.0,10.01911478704659,0.2543466905667354,-0.0002738324221354939,0.0
2.662,10.0,10.019590400495794,0.23780672460151175,-0.0002720623364873787,0.0
2.664,10.0,10.020033641089242,0.22162029672482428,-0.00027012286917739366,0.0
2.666,10.0,10.020445219448776,0.2057891797674344,-0.0002680213166265504,0.0
2.668,10.0,10.020825849026172,0.19031478869792898,-0.00026576486734169113,0.0
2.67,10.0,10.021176245408984,0.17519819140630852,-0.00026336059948571977,0.0
2.672,10.0,10.021497125647823,0.16044011941844719,-0.00026081547862156953,0.0
2.674,10.0,10.021789207604892,0.14604097853470685,-0.00025813635562684764,0.0
2.676,10.0,10.022053209323664,0.13200085938634296,-0.00025532996477376516,0.0
2.678,10.0,10.02228984841947,0.11831954790353703,-0.000252402921972264,0.0
2.68,10.0,10.022499841490848,0.10499653568925489,-0.0002493617231705472,0.0
2.682,10.0,10.022683903551435,0.0920310302933473,-0.00024621274291029317,0.0
2.684,10.0,10.022842747482198,0.07942196538159466,-0.0002429622330322839,0.0
2.686,10.0,10.022977083503788,0.06716801079467935,-0.0002396163215281416,0.0
2.688,10.0,10.023087618668773,0.0552675824922965,-0.00023618101153498013,0.0
2.69,10.0,10.023175056373528,0.04371885237791795,-0.0002326621804679959,0.0
2.692,10.0,10.023240095889529,0.032519757999918956,-0.00022906557928832546,0.0
2.694,10.0,10.023283431913779,0.021668012125061736,-0.00022539683190145684,0.0
2.696,10.0,10.02330575413814,0.011161112180574913,-0.000221661434682243,0.0
2.698,10.0,10.023307746837261,0.000996349561280153,-0.00021786475612321107,0.0
2.7,10.0,10.023290088474859,-0.008829181201547421,-0.00021401203660226126,0.0
2.702,10.0,10.023253451328035,-0.018318573412644146,-0.00021010838826537214,0.0
2.704,10.0,10.023198501129377,-0.027475099329418322,-0.00020615879502125577,0.0
2.706,10.0,10.023125896726524,-0.036302201425445414,-0.00020216811264392361,0.0
2.708,10.0,10.023036289758918,-0.04480348380322022,-0.00019814106897935233,0.0
2.71,10.0,10.022930324351401,-0.052982703758402416,-0.00019408226425304343,0.0
2.712,10.0,10.022808636824406,-0.06084376349755203,-0.0001899961714740171,0.0
2.714,10.0,10.022671855420384,-0.06839070201119751,-0.00018588713693259127,0.0
2.716,10.0,10.022520600046176,-0.0756276871038682,-0.0001817593807879775,0.0
2.718,10.0,10.02235548203101,-0.08255900758252152,-0.0001776169977418733,0.0
2.72,10.0,10.022177103899802,-0.08918906560463896,-0.00017346395779514455,0.0
2.722,10.0,10.021986059161428,-0.09552236918709373,-0.00016930410708429852,0.0
2.724,10.0,10.021782932111675,-0.1015635248766729,-0.00016514116879333857,0.0
2.726,10.0,10.021568297650507,-0.10731723058302943,-0.0001609787441389663,0.0
2.728,10.0,10.021342721113358,-0.11278826857464393,-0.00015682031342513015,0.0
2.73,10.0,10.021106758116082,-0.117981498638238,-0.00015266923716411227,0.0
2.732,10.0,10.020860954413278,-0.12290185140188732,-0.00014852875726009313,0.0
2.734,10.0,10.020605845769635,-0.127554321822014,-0.00014440199825376286,0.0
2.736,10.0,10.020341957843966,-0.13194396283420914,-0.00014029196862307898,0.0
2.738,10.0,10.020069806085631,-0.1360758791677555,-0.00013620156213836482,0.0
2.74,10.0,10.019789895642983,-0.13995522132357416,-0.00013213355926852948,0.0
2.742,10.0,10.019502721283553,-0.14358717971518029,-0.00012809062863528063,0.0
2.744,10.0,10.01920876732561,-0.14697697897212794,-0.0001240753285128966,0.0
2.746,10.0,10.0189085075808,-0.15012987240527556,-0.00012009010837012908,0.0
2.748,10.0,10.018602405307535,-0.15305113663312467,-0.00011613731045229155,0.0
2.75,10.0,10.018290913174798,-0.15574606636835675,-0.0001122191714004783,0.0
2.7520000000000002,10.0,10.017974473236071,-0.15821996936358182,-0.00010833782390518254,0.0
2.754,10.0,10.017653516913041,-0.1604781615152305,-0.00010449529839218696,0.0
2.7560000000000002,10.0,10.017328464988793,-0.16252596212439668,-0.00010069352473762947,0.0
2.758,10.0,10.016999727610166,-0.16436868931337562,-9.693433401047361e-05,0.0
2.7600000000000002,10.0,10.016667704298975,-0.16601165559654152,-9.32194602397435e-05,0.0
2.762,10.0,10.016332783971766,-0.1674601636041039,-8.95505422037635e-05,0.0
2.7640000000000002,10.0,10.015995344967852,-0.16871950195724025,-8.592912523999063e-05,0.0
2.766,10.0,10.015655755085264,-0.169794941293007,-8.235666307281589e-05,0.0
2.7680000000000002,10.0,10.01531437162439,-0.1706917304373346,-7.883451965669293e-05,0.0
2.77,10.0,10.01497154143894,-0.17141509272440472,-7.536397103382484e-05,0.0
2.7720000000000002,10.0,10.01462760099402,-0.17197022246056398,-7.194620720267755e-05,0.0
2.774,10.0,10.014282876430958,-0.1723622815309505,-6.858233399717074e-05,0.0
2.7760000000000002,10.0,10.013937683638664,-0.1725963961468665,-6.527337497276003e-05,0.0
2.778,10.0,10.0135923283312,-0.1726776537319724,-6.20202732996824e-05,0.0
2.7800000000000002,10.0,10.01324710613131,-0.1726110999452277,-5.8823893659375134e-05,0.0
2.782,10.0,10.012902302659633,-0.17240173583852503,-5.5685024143841365e-05,0.0
2.7840000000000003,10.0,10.012558193629339,-0.1720545151469091,-5.2604378156028253e-05,0.0
2.786,10.0,10.01221504494592,-0.17157434170919902,-4.958259630889475e-05,0.0
2.7880000000000003,10.0,10.011873112811887,-0.17096606701684625,-4.662024832270738e-05,0.0
2.79,10.0,10.011532643836109,-0.1702344878887666,-4.3717834917760595e-05,0.0
2.7920000000000003,10.0,10.011193875147567,-0.16938434426990898,-4.0875789702251167e-05,0.0
2.794,10.0,10.010857034513265,-0.16842031715126213,-3.809448105320336e-05,0.0
2.7960000000000003,10.0,10.010522340460046,-0.16734702660898512,-3.537421398929071e-05,0.0
2.798,10.0,10.010190002400126,-0.16616902996032354,-3.271523203423233e-05,0.0
2.8000000000000003,10.0,10.009860220760059,-0.16489082003395292,-3.011771906950313e-05,0.0
2.802,10.0,10.009533187112954,-0.16351682355237804,-2.7581801175243707e-05,0.0
2.8040000000000003,10.0,10.009209084313705,-0.1620513996239875,-2.5107548457927256e-05,0.0
2.806,10.0,10.00888808663702,-0.16049883834239173,-2.2694976864536903e-05,0.0
2.8080000000000003,10.0,10.008570359918041,-0.15886335949058705,-2.034404998060705e-05,0.0
2.81,10.0,10.008256061695345,-0.1571491113475642,-1.8054680812868396e-05,0.0
2.8120000000000003,10.0,10.007945341356155,-0.1553601695949212,-1.5826733554440017e-05,0.0
2.814,10.0,10.007638340283513,-0.15350053632105407,-1.3660025331984802e-05,0.0
2.816,10.0,10.007335192005273,-0.15157413912050519,-1.1554327934116519e-05,0.0
2.818,10.0,10.0070360223447,-0.14958483028603786,-9.509369519992377e-06,0.0
2.82,10.0,10.006740949572519,-0.1475363860910012,-7.524836307122503e-06,0.0
2.822,10.0,10.0064500845602,-0.14543250615959713,-5.6003742385892085e-06,0.0
2.824,10.0,10.006163530934355,-0.1432768129226006,-3.7355906275333964e-06,0.0
2.826,10.0,10.005881385232044,-0.14107285115617096,-1.9300557799328884e-06,0.0
2.828,10.0,10.005603737056841,-0.13882408760132486,-1.83304593375026e-07,0.0
2.83,10.0,10.005330669235518,-0.1365339106617217,1.5051618672494015e-06,0.0
2.832,10.0,10.005062257975162,-0.13420563017737688,3.135874818765046e-06,0.0
2.834,10.0,10.004798573020619,-0.13184247727196294,4.709396233247559e-06,0.0
2.836,10.0,10.004539677812076,-0.1294476042713525,6.226317337080012e-06,0.0
2.838,10.0,10.004285629642693,-0.1270240846911081,7.68725713519423e-06,0.0
2.84,10.0,10.004036479816111,-0.12457491329060101,9.092860961822479e-06,0.0
2.842,10.0,10.003792273803727,-0.12210300619149908,1.0443799057289684e-05,0.0
2.844,10.0,10.00355305140161,-0.1196112010583696,1.1740765171512556e-05,0.0
2.846,10.0,10.003318846886932,-0.11710225733915912,1.2984475194649326e-05,0.0
2.848,10.0,10.003089689173805,-0.1145788565633474,1.4175665814897112e-05,0.0
2.85,10.0,10.002865601968415,-0.11204360269560021,1.5315093203622383e-05,0.0
2.852,10.0,10.002646603923328,-0.10949902254276953,1.640353172805287e-05,0.0
2.854,10.0,10.002432708790904,-0.10694756621210029,1.7441772692052755e-05,0.0
2.856,10.0,10.002223925575667,-0.10439160761856113,1.8430623104461425e-05,0.0
2.858,10.0,10.002020258685588,-0.1018334450392196,1.9370904475647684e-05,0.0
2.86,10.0,10.001821708082163,-0.099275301712628,2.02634516420188e-05,0.0
2.862,10.0,10.001628269429201,-0.0967193264812006,2.1109111618867317e-05,0.0
2.864,10.0,10.001439934240251,-0.09416759447462605,2.190874248089352e-05,0.0
2.866,10.0,10.001256690024587,-0.0916221078323333,2.2663212271628914e-05,0.0
2.868,10.0,10.00107852043166,-0.08908479646313759,2.3373397940108005e-05,0.0
2.87,10.0,10.00090540539398,-0.08655751884014415,2.404018430649927e-05,0.0
2.872,10.0,10.000737321268321,-0.08404206282910216,2.4664463054856055e-05,0.0
2.874,10.0,10.000574240975224,-0.08154014654835161,2.5247131754719735e-05,0.0
2.876,10.0,10.000416134136707,-0.07905341925862319,2.5789092909646238e-05,0.0
2.878,10.0,10.000262967212144,-0.07658346228092076,2.629125303394503e-05,0.0
2.88,10.0,10.000114703632264,-0.07413178994078234,2.6754521756783122e-05,0.0
2.882,10.0,9.999971303931188,-0.071699850537242,2.717981095368837e-05,0.0
2.884,10.0,9.999832725876518,-0.06928902733485473,2.7568033905160385e-05,0.0
2.886,10.0,9.999698924597364,-0.06690063957717327,2.792010448238117e-05,0.0
2.888,10.0,9.999569852710325,-0.06453594352012737,2.823693635923887e-05,0.0
2.89,10.0,9.999445460443358,-0.06219613348373371,2.851944225170088e-05,0.0
2.892,10.0,9.999325695757516,-0.059882342920675756,2.8768533182647376e-05,0.0
2.894,10.0,9.999210504466514,-0.057595645500279985,2.8985117772976892e-05,0.0
2.896,10.0,9.999099830354101,-0.055337056206454314,2.9170101558612713e-05,0.0
2.898,10.0,9.998993615289207,-0.05310753244820416,2.932438633285324e-05,0.0
2.9,10.0,9.998891799338843,-0.050907975181374715,2.944886951380879e-05,0.0
2.902,10.0,9.998794320878762,-0.048739230040295824,2.954444353679858e-05,0.0
2.904,10.0,9.998701116701806,-0.04660208847806129,2.9611995270958084e-05,0.0
2.906,10.0,9.998612122123978,-0.044497288914173025,2.9652405460531127e-05,0.0
2.908,10.0,9.9985272710882,-0.04242551788835983,2.966654818955599e-05,0.0
2.91,10.0,9.998446496265762,-0.040387411219385105,2.9655290370266263e-05,0.0
2.912,10.0,9.998369729155426,-0.03838355516770051,2.961949125468377e-05,0.0
2.914,10.0,9.998296900180225,-0.036414487600841774,2.9560001968953122e-05,0.0
2.916,10.0,9.998227938781904,-0.03448069916051095,2.9477665069746538e-05,0.0
2.918,10.0,9.998162773513043,-0.032582634430279735,2.9373314123329702e-05,0.0
2.92,10.0,9.998101332126836,-0.030720693102933704,2.9247773305786298e-05,0.0
2.922,10.0,9.998043541664543,-0.02889523114648366,2.9101857024620143e-05,0.0
2.924,10.0,9.997989328540607,-0.027106561967906014,2.89363695612838e-05,0.0
2.926,10.0,9.99793861862546,-0.025354957573700664,2.87521047343884e-05,0.0
2.928,10.0,9.997891337326006,-0.023640649726431193,2.854984558224443e-05,0.0
2.93,10.0,9.997847409663814,-0.021963831096361804,2.8330364066126138e-05,0.0
2.932,10.0,9.997806760350999,-0.02032465640743152,2.809442079181554e-05,0.0
2.934,10.0,9.997769313863845,-0.01872324357676838,2.7842764750517882e-05,0.0
2.936,10.0,9.99773499451415,-0.017159674847003852,2.757613307817084e-05,0.0
2.938,10.0,9.99770372651833,-0.01563399791068201,2.7295250832657574e-05,0.0
2.94,10.0,9.997675434064277,-0.014146227026083256,2.7000830788619705e-05,0.0
2.942,10.0,9.99765004137603,-0.012696344123809022,2.669357324952553e-05,0.0
2.944,10.0,9.997627472776223,-0.011284299903509912,2.637416587643548e-05,0.0
2.946,10.0,9.997607652746384,-0.0099100149201664,2.6043283533100103e-05,0.0
2.948,10.0,9.997590505985064,-0.008573380659346578,2.570158814725985e-05,0.0
2.95,10.0,9.997575957463862,-0.007274260600921974,2.5349728587115028e-05,0.0
2.952,10.0,9.997563932481322,-0.00601249127073977,2.4988340552769868e-05,0.0
2.954,10.0,9.997554356714762,-0.004787883279737677,2.461804648308796e-05,0.0
2.956,10.0,9.997547156270063,-0.0036002223500813707,2.4239455476097007e-05,0.0
2.958,10.0,9.997542257729407,-0.002449270327883496,2.3853163223543565e-05,0.0
2.96,10.0,9.997539588197043,-0.0013347661821010383,2.345975195892909e-05,0.0
2.962,10.0,9.997539075343065,-0.000256426989243935,2.305979041837946e-05,0.0
2.964,10.0,9.997540647445257,0.0007860510964783133,2.2653833814610495e-05,0.0
2.966,10.0,9.997544233429034,0.001792991887876114,2.224242382261044e-05,0.0
2.968,10.0,9.997549762905484,0.0027647382246837916,2.1826088577459418e-05,0.0
2.97,10.0,9.997557166207582,0.003701651048932366,2.140534268365024e-05,0.0
2.972,10.0,9.997566374424574,0.004604108496041862,2.098068723527954e-05,0.0
2.974,10.0,9.997577319434578,0.005472505001871522,2.0552609846926612e-05,0.0
2.976,10.0,9.99758993393543,0.006307250425957399,2.012158469510901e-05,0.0
2.978,10.0,9.99760415147381,0.0071087691911152886,1.9688072569270907e-05,0.0
2.98,10.0,9.997619906472691,0.00787749943958995,1.9252520932432124e-05,0.0
2.982,10.0,9.997637134257102,0.0086138922059137,1.881536399117041e-05,0.0
2.984,10.0,9.997655771078316,0.009318410606608086,1.837702277435354e-05,0.0
2.986,10.0,9.99767575413641,0.009991529046836763,1.7937905220110287e-05,0.0
2.988,10.0,9.997697021601297,0.0106337324441074,1.7498406270851275e-05,0.0
2.99,10.0,9.997719512632235,0.011245515469133684,1.7058907976665786e-05,0.0
2.992,10.0,9.997743167395843,0.011827381803880503,1.6619779605211098e-05,0.0
2.994,10.0,9.997767927082677,0.012379843416861155,1.6181377759102377e-05,0.0
2.996,10.0,9.99779373392239,0.012903419855732791,1.574404650033257e-05,0.0
2.998,10.0,9.997820531197503,0.013398637557170766,1.530811748030859e-05,0.0
3.0,10.0,9.99784826325585,0.013866029174061222,1.4873910076778032e-05,0.0
3.0020000000000002,10.0,9.99787687552169,0.014306132919960298,1.4441731535673349e-05,0.0
3.004,10.0,9.997906314505551,0.014719491930828514,1.4011877119171904e-05,0.0
3.0060000000000002,10.0,9.99793652781284,0.015106653643979895,1.3584630258465687e-05,0.0
3.008,10.0,9.997967464151227,0.015468169194183867,1.3160262711189687e-05,0.0
3.0100000000000002,10.0,9.997999073336882,0.015804592826878596,1.2739034723935119e-05,0.0
3.012,10.0,9.998031306299538,0.01611648132839263,1.232119519848623e-05,0.0
3.0140000000000002,10.0,9.998064115086484,0.01640439347309669,1.1906981862288103e-05,0.0
3.016,10.0,9.998097452865458,0.016668889487377755,1.149662144247223e-05,0.0
3.0180000000000002,10.0,9.99813127392652,0.01691053053033557,1.1090329843574888e-05,0.0
3.02,10.0,9.998165533682903,0.01712987819105953,1.0688312327993292e-05,0.0
3.0220000000000002,10.0,9.998200188670907,0.017327494002367112,1.0290763699637636e-05,0.0
3.024,10.0,9.998235196548848,0.017503938970854473,9.897868490070098e-06,0.0
3.0260000000000002,10.0,9.998270516095095,0.017659773123117208,9.509801147239796e-06,0.0
3.028,10.0,9.99830610720523,0.017795555067969277,9.126726226109434e-06,0.0
3.0300000000000002,10.0,9.99834193088838,0.01791184157450831,8.748798581555645e-06,0.0
3.032,10.0,9.998377949262713,0.018009187165838852,8.376163562688932e-06,0.0
3.0340000000000003,10.0,9.99841412555017,0.01808814372826392,8.00895720850316e-06,0.0
3.036,10.0,9.998450424070441,0.018149260135789155,7.647306445525883e-06,0.0
3.0380000000000003,10.0,9.998486810234219,0.018193081889703856,7.29132928567226e-06,0.0
3.04,10.0,9.998523250535767,0.01822015077305639,6.941135025380755e-06,0.0
3.0420000000000003,10.0,9.998559712544806,0.018231004519817393,6.596824445438921e-06,0.0
3.044,10.0,9.998596164897803,0.0182261764985161,6.25849001125567e-06,0.0
3.0460000000000003,10.0,9.998632577288623,0.018206195410115047,5.926216073061263e-06,0.0
3.048,10.0,9.998668920458623,0.018171584999932593,5.600079066922746e-06,0.0
3.0500000000000003,10.0,9.998705166186191,0.01812286378335956,5.2801477151259504e-06,0.0
3.052,10.0,9.998741287275761,0.018060544785140874,4.966483226375485e-06,0.0
3.0540000000000003,10.0,9.998777257546344,0.017985135292005662,4.659139496005092e-06,0.0
3.056,10.0,9.998813051819582,0.0178971366183792,4.358163305030542e-06,0.0
3.0580000000000003,10.0,9.998848645907351,0.017797043884961363,4.0635945190714604e-06,0.0
3.06,10.0,9.998884016598971,0.017685345809918863,3.775466286250861e-06,0.0
3.0620000000000003,10.0,9.998919141647997,0.017562524512437776,3.4938052339668484e-06,0.0
3.064,10.0,9.998953999758653,0.017429055328397034,3.218631664758532e-06,0.0
3.0660000000000003,10.0,9.99898857057193,0.017285406637908077,2.949959750842578e-06,0.0
3.068,10.0,9.999022834651338,0.01713203970445669,2.687797727034313e-06,0.0
3.0700000000000003,10.0,9.99905677346839,0.016969408525428442,2.4321480829492475e-06,0.0
3.072,10.0,9.999090369387778,0.016797959693724673,2.1830077527839216e-06,0.0
3.074,10.0,9.999123605652319,0.016618132270229888,1.9403683037531038e-06,0.0
3.076,10.0,9.999156466367651,0.01643035766688547,1.704216122965557e-06,0.0
3.078,10.0,9.999188936486732,0.01623505954008986,1.4745326018979922e-06,0.0
3.08,10.0,9.999221001794119,0.016032653694188312,1.2512943193048129e-06,0.0
3.082,10.0,9.99925264889011,0.01582354799478857,1.0344732218986166e-06,0.0
3.084,10.0,9.999283865174693,0.01560814229164258,8.240368027893343e-07,0.0
3.086,10.0,9.999314638831395,0.015386828350856464,6.199482780768773e-07,0.0
3.088,10.0,9.999344958810987,0.015159989796145084,4.221667605095357e-07,0.0
3.09,10.0,9.999374814815106,0.014928002058906632,2.3064743140146796e-07,0.0
3.092,10.0,9.99940419727978,0.014691232336833265,4.534170943306064e-08,0.0
3.094,10.0,9.999433097358901,0.014450039560847798,-1.338025821503269e-07,0.0
3.096,10.0,9.999461506907641,0.01420477437007934,-3.0684105169738606e-07,0.0
3.098,10.0,9.999489418465831,0.013955779094643362,-4.738325776191772e-07,0.0
3.1,10.0,9.999516825241324,0.013703387745976877,-6.348391495736013e-07,0.0
3.102,10.0,9.999543721093353,0.013447926014500443,-7.899257119919336e-07,0.0
3.104,10.0,9.999570100515902,0.013189711274336387,-9.391600109529009e-07,0.0
3.106,10.0,9.999595958621091,0.012929052594866562,-1.0826124433194627e-06,0.0
3.108,10.0,9.999621291122608,0.01266625075886651,-1.2203559092301086e-06,0.0
3.11,10.0,9.999646094319182,0.0124015982870162,-1.352465666652898e-06,0.0
3.112,10.0,9.999670365078119,0.012135379468519355,-1.4790191895614708e-06,0.0
3.114,10.0,9.999694100818914,0.011867870397614647,-1.600096028706017e-06,0.0
3.116,10.0,9.999717299496947,0.011599339015758891,-1.715777675124503e-06,0.0
3.118,10.0,9.999739959587265,0.011330045159247314,-1.8261474267996263e-06,0.0
3.12,10.0,9.99976208006849,0.011060240612044879,-1.931290258348437e-06,0.0
3.122,10.0,9.999783660406818,0.010790169163625496,-2.031292693325841e-06,0.0
3.124,10.0,9.99980470054016,0.01052006667157919,-2.1262426800137337e-06,0.0
3.126,10.0,9.999825200862418,0.01025016112881021,-2.216229469408756e-06,0.0
3.128,10.0,9.999845162207887,0.009980672735076409,-2.301343497053564e-06,0.0
3.13,10.0,9.999864585835834,0.009711813972689262,-2.381676267293754e-06,0.0
3.132,10.0,9.999883473415204,0.009443789686171232,-2.4573202405179754e-06,0.0
3.134,10.0,9.999901827009536,0.00917679716566657,-2.528368723464636e-06,0.0
3.136,10.0,9.999919649062003,0.008911026233897022,-2.5949157627684526e-06,0.0
3.138,10.0,9.999936942380677,0.008646659336491412,-2.6570560410005714e-06,0.0
3.14,10.0,9.999953710123947,0.008383871635492632,-2.7148847758171975e-06,0.0
3.142,10.0,9.99996995578616,0.008122831105855356,-2.768497622072212e-06,0.0
3.144,10.0,9.999985683183429,0.007863698634750919,-2.817990576890106e-06,0.0
3.146,10.0,10.000000896439676,0.0076066281235146705,-2.8634598873522925e-06,0.0
3.148,10.0,10.000015599972858,0.007351766592035847,-2.905001961623239e-06,0.0
3.15,10.0,10.00002979848143,0.007099254285458354,-2.9427132820952636e-06,0.0
3.152,10.0,10.000043496930996,0.00684922478298037,-2.9766903223538587e-06,0.0
3.154,10.0,10.000056700541212,0.0066018051086410715,-3.0070294658470836e-06,0.0
3.156,10.0,10.0000694147729,0.006357115843885163,-3.0338269284280175e-06,0.0
3.158,10.0,10.000081645315385,0.0061152712417876336,-3.0571786828419597e-06,0.0
3.16,10.0,10.000093398074071,0.005876379342778775,-3.0771803861236085e-06,0.0
3.162,10.0,10.000104679158254,0.0056405420917027636,-3.0939273101077776e-06,0.0
3.164,10.0,10.000115494869165,0.005407855456099876,-3.1075142738724807e-06,0.0
3.166,10.0,10.000125851688257,0.00517840954552993,-3.118035579734867e-06,0.0
3.168,10.0,10.00013575626572,0.004952288731856875,-3.125584950630286e-06,0.0
3.17,10.0,10.00014521540926,0.004729571770297867,-3.130255471446541e-06,0.0
3.172,10.0,10.000154236073103,0.004510331921171319,-3.1321395315208494e-06,0.0
3.174,10.0,10.000162825347246,0.004294637072166813,-3.1313287707559883e-06,0.0
3.176,10.0,10.00017099044697,0.004082549861049558,-3.1279140274601273e-06,0.0
3.178,10.0,10.000178738702566,0.0038741277986641246,-3.121985288985509e-06,0.0
3.18,10.0,10.00018607754935,0.0036694233921490704,-3.113631644191211e-06,0.0
3.182,10.0,10.000193014517887,0.003468484268202378,-3.1029412393244506e-06,0.0
3.184,10.0,10.000199557224478,0.0032713532963571795,-3.090001234768548e-06,0.0
3.186,10.0,10.000205713361904,0.0030780687121029692,-3.074897765382398e-06,0.0
3.188,10.0,10.000211490690383,0.0028886642398007157,-3.057715902019543e-06,0.0
3.19,10.0,10.000216897028812,0.0027031692152647423,-3.038539615892682e-06,0.0
3.192,10.0,10.00022194024623,0.00252160870793514,-3.0174517447176417e-06,0.0
3.194,10.0,10.000226628253515,0.0023440036425493864,-2.9945339609929507e-06,0.0
3.196,10.0,10.000230968995353,0.0021703709202232596,-2.969866742415435e-06,0.0
3.198,10.0,10.000234970442431,0.002000723538864946,-2.9435293441625715e-06,0.0
3.2,10.0,10.000238640583856,0.001835070712832212,-2.9155997733738172e-06,0.0
3.202,10.0,10.000241987419841,0.001673417991777681,-2.886154765095075e-06,0.0
3.204,10.0,10.000245018954597,0.001515767378584014,-2.855269760649235e-06,0.0
3.206,10.0,10.000247743189489,0.001362117446349341,-2.82301888718923e-06,0.0
3.208,10.0,10.000250168116397,0.0012124634543246224,-2.7894749397277796e-06,0.0
3.21,10.0,10.000252301711324,0.0010667974627681165,-2.7547093642927386e-06,0.0
3.212,10.0,10.000254151928216,0.000925108446635353,-2.718792243240607e-06,0.0
3.214,10.0,10.000255726693034,0.000787382408074887,-2.6817922816250567e-06,0.0
3.216,10.0,10.000257033898007,0.0006536024876364172,-2.643776796020428e-06,0.0
3.218,10.0,10.000258081396156,0.0005237490741822847,-2.604811703990523e-06,0.0
3.22,10.0,10.000258876995984,0.00039779991341702437,-2.5649615158717594e-06,0.0
3.222,10.0,10.000259428456413,0.00027573021502051487,-2.5242893273539078e-06,0.0
3.224,10.0,10.00025974348193,0.0001575127583208107,-2.482856813942786e-06,0.0
3.226,10.0,10.000259829717923,4.311799648023992e-05,-2.4407242265089857e-06,0.0
3.228,10.0,10.00025969474624,-6.748584086495089e-05,-2.397950388658434e-06,0.0
3.23,10.0,10.000259346080949,-0.00017433264650920275,-2.354592694594727e-06,0.0
3.232,10.0,10.000258791164276,-0.0002774583361969047,-2.3107071090564713e-06,0.0
3.234,10.0,10.000258037362773,-0.0003769007507653874,-2.2663481680163266e-06,0.0
3.236,10.0,10.000257091963654,-0.0004726995599403376,-2.2215689805726834e-06,0.0
3.238,10.0,10.000255962171318,-0.0005648961678224332,-2.1764212322646486e-06,0.0
3.24,10.0,10.000254655104078,-0.000653533620065922,-2.130955188993139e-06,0.0
3.242,10.0,10.000253177791052,-0.0007386565127909362,-2.085219702444343e-06,0.0
3.244,10.0,10.000251537169246,-0.0008203109032481711,-2.039262216524765e-06,0.0
3.246,10.0,10.0002497400808,-0.0008985442222245178,-1.993128774159045e-06,0.0
3.248,10.0,10.000247793270423,-0.00097340518824176,-1.946864025832364e-06,0.0
3.25,10.0,10.000245703382976,-0.0010449437235406026,-1.9005112385900175e-06,0.0
3.2520000000000002,10.0,10.000243476961233,-0.0011132108718630348,-1.8541123059438607e-06,0.0
3.254,10.0,10.000241120443798,-0.0011782587180323022,-1.807707758390755e-06,0.0
3.2560000000000002,10.0,10.000238640163179,-0.0012401403093726484,-1.7613367754781392e-06,0.0
3.258,10.0,10.00023604234402,-0.0012989095789233628,-1.7150371975200933e-06,0.0
3.2600000000000002,10.0,10.000233333101479,-0.0013546212704921468,-1.6688455389216714e-06,0.0
3.262,10.0,10.000230518439748,-0.0014073308655366404,-1.6227970019018622e-06,0.0
3.2640000000000002,10.0,10.000227604250725,-0.0014570945118659129,-1.5769254906758633e-06,0.0
3.266,10.0,10.000224596312815,-0.001503968954163758,-1.5312636263128642e-06,0.0
3.2680000000000002,10.0,10.000221500289882,-0.0015480114663428094,-1.4858427624263502e-06,0.0
3.27,10.0,10.00021832173031,-0.001589279785714731,-1.4406930011818838e-06,0.0
3.2720000000000002,10.0,10.000215066066215,-0.0016278320489724507,-1.3958432098507974e-06,0.0
3.274,10.0,10.000211738612755,-0.001663726729983952,-1.3513210379858287e-06,0.0
3.2760000000000002,10.0,10.000208344567596,-0.001697022579370666,-1.3071529346410404e-06,0.0
3.278,10.0,10.000204889010464,-0.0017277785658851102,-1.2633641665341308e-06,0.0
3.2800000000000002,10.0,10.000201376902824,-0.0017560538195673862,-1.2199788363920798e-06,0.0
3.282,10.0,10.00019781308767,-0.0017819075766665996,-1.1770199016136313e-06,0.0
3.2840000000000003,10.0,10.000194202289418,-0.0018053991263136343,-1.1345091932518971e-06,0.0
3.286,10.0,10.000190549113901,-0.0018265877589275779,-1.092467435222001e-06,0.0
3.2880000000000003,10.0,10.000186858048469,-0.0018455327163593989,-1.0509142641925143e-06,0.0
3.29,10.0,10.000183133462182,-0.0018622931437386673,-1.0098682493369702e-06,0.0
3.2920000000000003,10.0,10.000179379606095,-0.0018769280430099295,-9.693469123876674e-07,0.0
3.294,10.0,10.00017560061364,-0.0018894962281482625,-9.293667480508974e-07,0.0
3.2960000000000003,10.0,10.000171800501075,-0.0019000562820290306,-8.899432444632844e-07,0.0
3.298,10.0,10.000167983168044,-0.001908666514936323,-8.510909038869456e-07,0.0
3.3000000000000003,10.0,10.000164152398195,-0.0019153849246849033,-8.128232634275958e-07,0.0
3.302,10.0,10.000160311859878,-0.0019202691583436187,-7.751529160529488e-07,0.0
3.3040000000000003,10.0,10.000156465106926,-0.0019233764755289889,-7.380915314875751e-07,0.0
3.306,10.0,10.0001526155795,-0.001924763713260099,-7.016498774624117e-07,0.0
3.3080000000000003,10.0,10.000148766604996,-0.0019244872523330881,-6.658378405992015e-07,0.0
3.31,10.0,10.000144921399023,-0.0019226029852145673,-6.306644478108555e-07,0.0
3.3120000000000003,10.0,10.000141083066454,-0.0019191662854138275,-5.961378873563953e-07,0.0
3.314,10.0,10.000137254602496,-0.0019142319783174864,-5.622655300552249e-07,0.0
3.3160000000000003,10.0,10.000133438893869,-0.0019078543134589626,-5.290539504096215e-07,0.0
3.318,10.0,10.000129638719992,-0.001900086938203035,-4.965089477973531e-07,0.0
3.3200000000000003,10.0,10.000125856754247,-0.001890982872810858,-4.6463556740266943e-07,0.0
3.322,10.0,10.000122095565272,-0.0018805944868765067,-4.3343812143454586e-07,0.0
3.3240000000000003,10.0,10.000118357618318,-0.001868973477083459,-4.0292020969798027e-07,0.0
3.326,10.0,10.000114645276627,-0.001856170846283725,-3.7308474068532006e-07,0.0
3.3280000000000003,10.0,10.000110960802859,-0.00184223688385639,-3.4393395218589093e-07,0.0
3.33,10.0,10.000107306360563,-0.0018272211473171855,-3.1546943172306243e-07,0.0
3.332,10.0,10.000103684015674,-0.0018111724451657458,-2.87692137136913e-07,0.0
3.334,10.0,10.000100095738032,-0.001794138820931291,-2.6060241674235076e-07,0.0
3.336,10.0,10.000096543402954,-0.001776167538399091,-2.342000295207133e-07,0.0
3.338,10.0,10.000093028792817,-0.0017573050679790556,-2.0848416488006558e-07,0.0
3.34,10.0,10.000089553598668,-0.001737597074207192,-1.834534626124032e-07,0.0
3.342,10.0,10.000086119421859,-0.001717088404334955,-1.5910603226484026e-07,0.0
3.344,10.0,10.000082727775704,-0.0016958230779881328,-1.3543947249028103e-07,0.0
3.346,10.0,10.000079380087149,-0.0016738442778720269,-1.1245089026424943e-07,0.0
3.348,10.0,10.000076077698465,-0.0016511943414794512,-9.013691951851183e-08,0.0
3.35,10.0,10.000072821868958,-0.0016279147537963201,-6.84937400106253e-08,0.0
3.352,10.0,10.000069613776676,-0.0016040461409704938,-4.751709579274548e-08,0.0
3.354,10.0,10.000066454520146,-0.0015796282649000464,-2.7202313060334532e-08,0.0
3.356,10.0,10.00006334512011,-0.0015547000187433769,-7.544318374541419e-09,0.0
3.358,10.0,10.000060286521263,-0.0015292994233016795,1.1462343873060153e-08,0.0
3.36,10.0,10.000057279594014,-0.0015034636242553714,2.982349409281502e-08,0.0
3.362,10.0,10.000054325136233,-0.0014772288902345047,4.754530026690249e-08,0.0
3.364,10.0,10.00005142387501,-0.0014506306116855191,6.463426124949659e-08,0.0
3.366,10.0,10.00004857646841,-0.0014237033005080552,8.10971903621352e-08,0.0
3.368,10.0,10.000045783507229,-0.0013964805904563404,9.694119884020843e-08,0.0
3.37,10.0,10.000043045516753,-0.0013689952382493023,1.121736802307307e-07,0.0
3.372,10.0,10.0000403629585,-0.0013412791253987401,1.268022943392843e-07,0.0
3.374,10.0,10.00003773623198,-0.0013133632606942085,1.4083495226463113e-07,0.0
3.376,10.0,10.000035165676413,-0.0012852777833455872,1.5427980118280776e-07,0.0
3.378,10.0,10.00003265157248,-0.0012570519667567898,1.6714520948089003e-07,0.0
3.38,10.0,10.000030194144033,-0.001228714222887577,1.794397526092264e-07,0.0
3.382,10.0,10.00002779355982,-0.001200292107201538,1.9117219877070084e-07,0.0
3.384,10.0,10.00002544993517,-0.0011718123241713956,2.0235149503464172e-07,0.0
3.386,10.0,10.000023163333704,-0.001143300733309124,2.129867539654474e-07,0.0
3.388,10.0,10.000020933768994,-0.0011147823557061422,2.230872403896053e-07,0.0
3.39,10.0,10.000018761206231,-0.0010862813810574071,2.3266235855561147e-07,0.0
3.392,10.0,10.00001664556388,-0.001057821175151143,2.4172163952355137e-07,0.0
3.394,10.0,10.000014586715304,-0.0010294242878035951,2.502747288417275e-07,0.0
3.396,10.0,10.000012584490383,-0.0010011124612082105,2.5833137473554204e-07,0.0
3.398,10.0,10.000010638677104,-0.000972906638685828,2.6590141644438273e-07,0.0
3.4,10.0,10.000008749023158,-0.0009448269738106141,2.729947729697869e-07,0.0
3.402,10.0,10.000006915237478,-0.0009168928399064226,2.7962143180841133e-07,0.0
3.404,10.0,10.000005136991797,-0.0008891228398614601,2.8579143869289693e-07,0.0
3.406,10.0,10.000003413922165,-0.0008615348162810875,2.915148867888761e-07,0.0
3.408,10.0,10.000001745630442,-0.0008341458619289697,2.968019068602192e-07,0.0
3.41,10.0,10.00000013168578,-0.0008069723304452533,3.0166265758055767e-07,0.0
3.412,10.0,9.999998571626085,-0.0007800298473427393,3.0610731572703086e-07,0.0
3.414,10.0,9.999997064959443,-0.0007533333212295252,3.101460674010956e-07,0.0
3.416,10.0,9.999995611165533,-0.0007268969552743169,3.137890988168661e-07,0.0
3.418,10.0,9.999994209697014,-0.000700734258866034,3.1704658806011367e-07,0.0
3.42,10.0,9.999992859980894,-0.0006748580594780645,3.199286965535697e-07,0.0
3.422,10.0,9.999991561419867,-0.0006492805147009096,3.2244556124180077e-07,0.0
3.424,10.0,9.999990313393617,-0.0006240131244420979,3.2460728674177475e-07,0.0
3.426,10.0,9.999989115260131,-0.0005990667432609097,3.2642393814317205e-07,0.0
3.428,10.0,9.999987966356946,-0.000574451592839654,3.2790553372367745e-07,0.0
3.43,10.0,9.999986866002395,-0.0005501772745694538,3.290620380974556e-07,0.0
3.432,10.0,9.999985813496831,-0.0005262527822395683,3.2990335556307204e-07,0.0
3.434,10.0,9.999984808123802,-0.0005026865148028677,3.3043932401271256e-07,0.0
3.436,10.0,9.999983849151223,-0.0004794862892189619,3.3067970878201983e-07,0.0
3.438,10.0,9.999982935832517,-0.0004566593533569784,3.306341968656643e-07,0.0
3.44,10.0,9.99998206740772,-0.0004342123989501377,3.303123912833757e-07,0.0
3.442,10.0,9.99998124310457,-0.000412151574568962,3.297238061514348e-07,0.0
3.444,10.0,9.999980462139572,-0.0003904824986351081,3.288778612678728e-07,0.0
3.446,10.0,9.999979723719026,-0.00036921027243624655,3.277838775469774e-07,0.0
3.448,10.0,9.99997902704004,-0.00034833949313870053,3.2645107252510366e-07,0.0
3.45,10.0,9.999978371291506,-0.00032787426678877637,3.248885560651268e-07,0.0
3.452,10.0,9.999977755655063,-0.00030781822129768635,3.2310532617607716e-07,0.0
3.454,10.0,9.999977179306025,-0.0002881745193832841,3.211102654227484e-07,0.0
3.456,10.0,9.99997664141428,-0.0002689458714832548,3.1891213703094424e-07,0.0
3.458,10.0,9.999976141145183,-0.00025013454860312143,3.16519581802021e-07,0.0
3.46,10.0,9.999975677660393,-0.0002317423951146495,3.1394111471020984e-07,0.0
3.462,10.0,9.99997525011871,-0.00021377084147701636,3.1118512212016254e-07,0.0
3.464,10.0,9.999974857676875,-0.00019622091687844683,3.0825985908157176e-07,0.0
3.466,10.0,9.999974499490351,-0.00017909326180264886,3.0517344655702213e-07,0.0
3.468,10.0,9.99997417471407,-0.00016238814049237608,3.0193386927981284e-07,0.0
3.47,10.0,9.999973882503165,-0.00014610545331614506,2.9854897351619995e-07,0.0
3.472,10.0,9.999973622013666,-0.00013024474901997761,2.9502646525695327e-07,0.0
3.474,10.0,9.999973392403193,-0.00011480523688153618,2.913739080701463e-07,0.0
3.476,10.0,9.999973192831597,-9.978579872008074e-05,2.8759872200405504e-07,0.0
3.478,10.0,9.999973022461594,-8.518500079544427e-05,2.8370818181612134e-07,0.0
3.48,10.0,9.999972880459383,-7.100110556958779e-05,2.7970941581748553e-07,0.0
3.482,10.0,9.999972765995217,-5.723208333796747e-05,2.7560940460768174e-07,0.0
3.484,10.0,9.999972678243969,-4.387562369729109e-05,2.7141498058396075e-07,0.0
3.486,10.0,9.999972616385676,-3.0929146884626324e-05,2.671328267449511e-07,0.0
3.488,10.0,9.999972579606045,-1.8389814958814987e-05,2.627694761729179e-07,0.0
3.49,10.0,9.99997256709696,-6.254542813175875e-06,2.583313118114227e-07,0.0
3.492,10.0,9.999972578056942,5.479990949232115e-06,2.5382456561963443e-07,0.0
3.494,10.0,9.999972611691607,1.681733333414718e-05,2.492553190042145e-07,0.0
3.496,10.0,9.9999726672141,2.7761246417481263e-05,2.446295022070557e-07,0.0
3.498,10.0,9.999972743845495,3.831569699110651e-05,2.399528946498064e-07,0.0
3.5,10.0,9.999972840815188,4.8484846384415284e-05,2.3523112515435328e-07,0.0
3.5020000000000002,10.0,9.999972957361269,5.827304045662814e-05,2.3046967211501688e-07,0.0
3.504,10.0,9.999973092730869,6.76847997697836e-05,2.2567386394707386e-07,0.0
3.5060000000000002,10.0,9.999973246180488,7.672480995115514e-05,2.2084887978914553e-07,0.0
3.508,10.0,9.999973416976314,8.53979122282384e-05,2.1599974990394196e-07,0.0
3.5100000000000002,10.0,9.999973604394501,9.370909415785294e-05,2.1113135660927417e-07,0.0
3.512,10.0,9.999973807721462,0.00010166348053785631,2.0624843502588286e-07,0.0
3.5140000000000002,10.0,9.999974026254112,0.00010926632451461433,2.0135557417576366e-07,0.0
3.516,10.0,9.999974259300108,0.00011652299886836624,1.964572177591559e-07,0.0
3.5180000000000002,10.0,9.999974506178084,0.00012343898750123396,1.915576655335661e-07,0.0
3.52,10.0,9.999974766217838,0.00013001987710626762,1.8666107429212659e-07,0.0
3.5220000000000002,10.0,9.999975038760535,0.0001362713490394117,1.8177145938257902e-07,0.0
3.524,10.0,9.999975323158878,0.00014219917137879947,1.7689269595692973e-07,0.0
3.5260000000000002,10.0,9.99997561877726,0.00014780919117299025,1.7202852032170927e-07,0.0
3.528,10.0,9.999975924991913,0.0001531073268884548,1.6718253157902078e-07,0.0
3.5300000000000002,10.0,9.999976241191035,0.0001580995610442948,1.623581930750252e-07,0.0
3.532,10.0,9.999976566774901,0.00016279193305072457,1.5755883427437917e-07,0.0
3.5340000000000003,10.0,9.999976901155966,0.00016719053221918694,1.5278765200486826e-07,0.0
3.536,10.0,9.999977243758947,0.00017130149098664775,1.4804771269012832e-07,0.0
3.5380000000000003,10.0,9.999977594020905,0.00017513097831664147,1.4334195384059396e-07,0.0
3.54,10.0,9.999977951391292,0.00017868519328679533,1.3867318581835508e-07,0.0
3.5420000000000003,10.0,9.99997831533201,0.00018197035888306502,1.3404409410852644e-07,0.0
3.544,10.0,9.999978685317442,0.00018499271596706854,1.2945724092944927e-07,0.0
3.5460000000000003,10.0,9.999979060834479,0.00018775851743310672,1.2491506726520595e-07,0.0
3.548,10.0,9.999979441382523,0.00019027402255133137,1.2041989488715396e-07,0.0
3.5500000000000003,10.0,9.999979826473506,0.00019254549149905589,1.159739284839486e-07,0.0
3.552,10.0,9.999980215631865,0.0001945791800657259,1.115792575412808e-07,0.0
3.5540000000000003,10.0,9.999980608394536,0.00019638133454173216,1.072378585043846e-07,0.0
3.556,10.0,9.999981004310909,0.00019795818679086625,1.0295159700035901e-07,0.0
3.5580000000000003,10.0,9.999981402942808,0.0001993159494984527,9.872222995079157e-08,0.0
3.56,10.0,9.999981803864433,0.00020046081158956532,9.455140762371351e-08,0.0
3.5620000000000003,10.0,9.9999822066623,0.00020139893382581608,9.044067593009367e-08,0.0
3.564,10.0,9.99998261093519,0.00020213644457091508,8.63914785688506e-08,0.0
3.5660000000000003,10.0,9.99998301629406,0.0002026794357261942,8.240515925678619e-08,0.0
3.568,10.0,9.999983422361979,0.00020303395882488972,7.848296377338806e-08,0.0
3.5700000000000003,10.0,9.99998382877402,0.00020320602130583664,7.462604251165066e-08,0.0
3.572,10.0,9.999984235177186,0.0002032015829369802,7.083545244583875e-08,0.0
3.5740000000000003,10.0,9.99998464123029,0.00020302655240379656,6.711215948082297e-08,0.0
3.576,10.0,9.99998504660386,0.000202686784049364,6.34570405697165e-08,0.0
3.5780000000000003,10.0,9.99998545098001,0.00020218807478100909,5.987088621004603e-08,0.0
3.58,10.0,9.999985854052332,0.00020153616111778374,5.6354402436417836e-08,0.0
3.5820000000000003,10.0,9.999986255525764,0.00020073671638841926,5.290821307279522e-08,0.0
3.584,10.0,9.999986655116462,0.00019979534808291745,4.953286210624128e-08,0.0
3.586,10.0,9.999987052551653,0.0001987175953355197,4.622881562866935e-08,0.0
3.588,10.0,9.999987447569506,0.00019750892656770876,4.299646444960584e-08,0.0
3.59,10.0,9.99998783991898,0.0001961747372509726,3.9836125886250206e-08,0.0
3.592,10.0,9.999988229359674,0.00019472034781682678,3.674804619520756e-08,0.0
3.594,10.0,9.99998861566168,0.00019315100169347378,3.373240260574525e-08,0.0
3.596,10.0,9.999988998605405,0.00019147186348246952,3.078930568893542e-08,0.0
3.598,10.0,9.99998937798144,0.00018968801725654787,2.791880136445462e-08,0.0
3.6,10.0,9.99998975359037,0.00018780446497266792,2.5120872820176487e-08,0.0
3.602,10.0,9.99999012524262,0.00018582612502454542,2.2395443001298993e-08,0.0
3.604,10.0,9.99999049275828,0.00018375783090335846,1.9742376465075265e-08,0.0
3.606,10.0,9.99999085596694,0.00018160432997603579,1.716148147856766e-08,0.0
3.608,10.0,9.999991214707507,0.00017937028237979442,1.4652512128355305e-08,0.0
3.61,10.0,9.999991568828026,0.00017706026001945504,1.2215170176920978e-08,0.0
3.612,10.0,9.999991918185518,0.00017467874568611867,9.849107360338763e-09,0.0
3.614,10.0,9.999992262645783,0.00017223013226568657,7.553927040706566e-09,0.0
3.616,10.0,9.999992602083227,0.00016971872205874682,5.329186359517292e-09,0.0
3.618,10.0,9.999992936380679,0.0001671487261948126,3.1743980586851825e-09,0.0
3.62,10.0,9.999993265429207,0.00016452426414034874,1.0890323222176736e-09,0.0
3.622,10.0,9.999993589127934,0.00016184936330818528,-9.274811835868641e-10,0.0
3.624,10.0,9.999993907383852,0.00015912795875735086,-2.8757514738359304e-09,0.0
3.626,10.0,9.999994220111638,0.00015636389296667854,-4.756424740345266e-09,0.0
3.628,10.0,9.99999452723347,0.00015356091571063556,-6.570182200491478e-09,0.0
3.63,10.0,9.999994828678837,0.0001507226840090487,-8.317738528403377e-09,0.0
3.632,10.0,9.999995124384363,0.00014785276215400247,-9.999840188857178e-09,0.0
3.634,10.0,9.999995414293606,0.00014495462182020783,-1.1617263606846927e-08,0.0
3.636,10.0,9.99999569835689,0.00014203164224684716,-1.3170813569686768e-08,0.0
3.638,10.0,9.999995976531112,0.00013908711048578242,-1.466132171571489e-08,0.0
3.64,10.0,9.999996248779555,0.00013612422173260377,-1.6089644640355478e-08,0.0
3.642,10.0,9.999996515071716,0.00013314607970731578,-1.7456662697633746e-08,0.0
3.644,10.0,9.99999677538311,0.00013015569710892865,-1.876327825493953e-08,0.0
3.646,10.0,9.999997029695102,0.00012715599613300776,-2.0010414160798053e-08,0.0
3.648,10.0,9.99999727799472,0.00012414980903961717,-2.1199012464796565e-08,0.0
3.65,10.0,9.999997520274476,0.0001211398787825298,-2.2330032882696792e-08,0.0
3.652,10.0,9.999997756532197,0.00011812885969107799,-2.3404451428363802e-08,0.0
3.654,10.0,9.999997986770833,0.00011511931821025867,-2.4423258904839322e-08,0.0
3.656,10.0,9.9999982109983,0.00011211373368242787,-2.5387459738656754e-08,0.0
3.658,10.0,9.999998429227297,0.00010911449917427362,-2.6298070719156612e-08,0.0
3.66,10.0,9.999998641475141,0.00010612392235562437,-2.7156119578944535e-08,0.0
3.662,10.0,9.999998847763596,0.00010314422641824869,-2.796264381465103e-08,0.0
3.664,10.0,9.999999048118697,0.00010017755102960451,-2.8718689603735026e-08,0.0
3.666,10.0,9.999999242570603,9.722595333802874e-05,-2.9425310349301935e-08,0.0
3.668,10.0,9.99999943115342,9.429140899613855e-05,-3.008356593191324e-08,0.0
3.67,10.0,9.999999613905047,9.137581323077482e-05,-3.069452133695684e-08,0.0
3.672,10.0,9.999999790867012,8.848098193920832e-05,-3.125924570820612e-08,0.0
3.674,10.0,9.999999962084317,8.560865282084557e-05,-3.177881119068333e-08,0.0
3.676,10.0,10.00000012760529,8.276048653457787e-05,-3.225429197617866e-08,0.0
3.678,10.0,10.000000287481425,7.993806787409434e-05,-3.268676350734051e-08,0.0
3.68,10.0,10.00000044176724,7.714290697978612e-05,-3.30773012691216e-08,0.0
3.682,10.0,10.00000059052012,7.43764405679609e-05,-3.342697998808949e-08,0.0
3.684,10.0,10.000000733800187,7.164003317500105e-05,-3.373687287733393e-08,0.0
3.686,10.0,10.000000871670144,6.893497842671736e-05,-3.4008050652486425e-08,0.0
3.688,10.0,10.000001004195145,6.626250032793137e-05,-3.424158064731732e-08,0.0
3.69,10.0,10.000001131442653,6.362375456418019e-05,-3.443852609911365e-08,0.0
3.692,10.0,10.000001253482314,6.101982980917573e-05,-3.4599945568753896e-08,0.0
3.694,10.0,10.00000137038581,5.845174905763549e-05,-3.472689193080049e-08,0.0
3.696,10.0,10.000001482226752,5.5920470960841594e-05,-3.482041184873204e-08,0.0
3.698,10.0,10.000001589080536,5.342689117240548e-05,-3.488154508609094e-08,0.0
3.7,10.0,10.000001691024224,5.097184370541795e-05,-3.4911323788335736e-08,0.0
3.702,10.0,10.000001788136428,4.855610229748395e-05,-3.4910771837084986e-08,0.0
3.704,10.0,10.000001880497193,4.61803817684006e-05,-3.488090453413222e-08,0.0
3.706,10.0,10.00000196818787,4.384533939993982e-05,-3.482272764527797e-08,0.0
3.708,10.0,10.000002051291023,4.155157630189425e-05,-3.47372372183839e-08,0.0
3.71,10.0,10.000002129890301,3.9299638786697126e-05,-3.462541891947809e-08,0.0
3.712,10.0,10.000002204070341,3.70900197484483e-05,-3.448824745679397e-08,0.0
3.714,10.0,10.000002273916662,3.492316003064308e-05,-3.432668634586756e-08,0.0
3.716,10.0,10.00000233951556,3.279944980351421e-05,-3.41416872223821e-08,0.0
3.718,10.0,10.00000240095402,3.0719229925218284e-05,-3.393418971384587e-08,0.0
3.72,10.0,10.000002458319607,2.8682793304376434e-05,-3.3705120934902367e-08,0.0
3.722,10.0,10.00000251170038,2.669038626446675e-05,-3.3455394971315535e-08,0.0
3.724,10.0,10.0000025611848,2.4742209889645663e-05,-3.3185912808863553e-08,0.0
3.726,10.0,10.000002606861642,2.2838421373513363e-05,-3.289756179933088e-08,0.0
3.728,10.0,10.000002648819912,2.097913535375385e-05,-3.2591215497866706e-08,0.0
3.73,10.0,10.000002687148763,1.916442524023903e-05,-3.22677333397011e-08,0.0
3.732,10.0,10.000002721937411,1.7394324529691172e-05,-3.192796046979955e-08,0.0
3.734,10.0,10.00000275327507,1.5668828113863012e-05,-3.157272742538273e-08,0.0
3.736,10.0,10.000002781250856,1.3987893577998566e-05,-3.1202849891327344e-08,0.0
3.738,10.0,10.000002805953741,1.235144248695583e-05,-3.081912851609364e-08,0.0
3.74,10.0,10.000002827472464,1.0759361648587313e-05,-3.0422348958940946e-08,0.0
3.742,10.0,10.000002845895473,9.211504375180973e-06,-3.001328149124027e-08,0.0
3.744,10.0,10.000002861310856,7.707691729523737e-06,-2.9592680891631518e-08,0.0
3.746,10.0,10.000002873806284,6.247713749474862e-06,-2.9161286479907696e-08,0.0
3.748,10.0,10.000002883468946,4.83133066684856e-06,-2.8719821813710685e-08,0.0
3.75,10.0,10.000002890385494,3.4582741034351418e-06,-2.8268994761821457e-08,0.0
3.7520000000000002,10.0,10.000002894641991,2.1282482558348743e-06,-2.780949733073828e-08,0.0
3.754,10.0,10.000002896323853,8.409310611934179e-07,-2.734200566775474e-08,0.0
3.7560000000000002,10.0,10.000002895515804,-4.0402465401492057e-07,-2.6867180023880638e-08,0.0
3.758,10.0,10.000002892301824,-1.6069900489606837e-06,-2.6385664871132726e-08,0.0
3.7600000000000002,10.0,10.000002886765106,-2.768359139516956e-06,-2.5898088424396895e-08,0.0
3.762,10.0,10.00000287898801,-3.888547718918147e-06,-2.540506332948085e-08,0.0
3.7640000000000002,10.0,10.000002869052025,-4.9679922653301894e-06,-2.4907186000804333e-08,0.0
3.766,10.0,10.000002857037728,-6.0071488924811515e-06,-2.440503717950171e-08,0.0
3.7680000000000002,10.0,10.000002843024744,-7.006492307287268e-06,-2.3899181719739283e-08,0.0
3.77,10.0,10.000002827091713,-7.966514784699395e-06,-2.3390168600549497e-08,0.0
3.7720000000000002,10.0,10.000002809316262,-8.887725171642907e-06,-2.287853120270529e-08,0.0
3.774,10.0,10.000002789774967,-9.77064790438956e-06,-2.2364787254069766e-08,0.0
3.7760000000000002,10.0,10.000002768543322,-1.0615822044239243e-05,-2.1849438886053595e-08,0.0
3.778,10.0,10.000002745695722,-1.1423800335265416e-05,-2.1332972778360017e-08,0.0
3.7800000000000002,10.0,10.000002721305425,-1.2195148287058459e-05,-2.0815860375445135e-08,0.0
3.782,10.0,10.000002695444538,-1.2930443264206505e-05,-2.0298557713324697e-08,0.0
3.7840000000000003,10.0,10.000002668183992,-1.3630273610104818e-05,-1.978150585067496e-08,0.0
3.786,10.0,10.000002639593516,-1.4295237784687068e-05,-1.9265130866713783e-08,0.0
3.7880000000000003,10.0,10.00000260974163,-1.4925943521508465e-05,-1.8749843982403558e-08,0.0
3.79,10.0,10.000002578695616,-1.552300700832446e-05,-1.8236041778811936e-08,0.0
3.7920000000000003,10.0,10.000002546521511,-1.608705208201402e-05,-1.772410622402938e-08,0.0
3.794,10.0,10.000002513284093,-1.66187094557862e-05,-1.721440509645743e-08,0.0
3.7960000000000003,10.0,10.000002479046861,-1.7118615959265033e-05,-1.670729199601334e-08,0.0
3.798,10.0,10.000002443872033,-1.758741378936447e-05,-1.620310631427266e-08,0.0
3.8000000000000003,10.0,10.000002407820533,-1.8025749799248224e-05,-1.5702173803858612e-08,0.0
3.802,10.0,10.000002370951984,-1.8434274796501407e-05,-1.520480653121281e-08,0.0
3.8040000000000003,10.0,10.000002333324698,-1.8813642866042813e-05,-1.4711303171367589e-08,0.0
3.806,10.0,10.000002294995676,-1.9164510708867027e-05,-1.4221949116951447e-08,0.0
3.8080000000000003,10.0,10.000002256020602,-1.948753699824361e-05,-1.3737016628220507e-08,0.0
3.81,10.0,10.00000221645384,-1.978338177111057e-05,-1.3256765376150296e-08,0.0
3.8120000000000003,10.0,10.00000217634843,-2.005270581862359e-05,-1.278144221157297e-08,0.0
3.814,10.0,10.00000213575609,-2.029617011068018e-05,-1.2311281693656834e-08,0.0
3.8160000000000003,10.0,10.000002094727218,-2.0514435231114763e-05,-1.1846506121831407e-08,0.0
3.818,10.0,10.000002053310897,-2.070816083500262e-05,-1.1387325820973278e-08,0.0
3.8200000000000003,10.0,10.000002011554887,-2.0878005132552605e-05,-1.0933939532046938e-08,0.0
3.822,10.0,10.000001969505638,-2.1024624374187607e-05,-1.0486534257861244e-08,0.0
3.8240000000000003,10.0,10.000001927208293,-2.114867237545366e-05,-1.0045285952255886e-08,0.0
3.826,10.0,10.000001884706695,-2.1250800040737443e-05,-9.610359328265695e-09,0.0
3.8280000000000003,10.0,10.000001842043384,-2.1331654916878713e-05,-9.181908344072932e-09,0.0
3.83,10.0,10.000001799259623,-2.139188075878841e-05,-8.760076309112695e-09,0.0
3.8320000000000003,10.0,10.00000175639539,-2.143211712254812e-05,-8.34499633199402e-09,0.0
3.834,10.0,10.000001713489393,-2.145299896055325e-05,-7.936791223052263e-09,0.0
3.8360000000000003,10.0,10.00000167057908,-2.1455156244953513e-05,-7.535573970379667e-09,0.0
3.838,10.0,10.000001627700653,-2.143921360611918e-05,-7.1414479361909705e-09,0.0
3.84,10.0,10.000001584889073,-2.1405789984473246e-05,-6.75450702222493e-09,0.0
3.842,10.0,10.000001542178078,-2.135549830268342e-05,-6.374835992392456e-09,0.0
3.844,10.0,10.000001499600188,-2.1288945151113228e-05,-6.002510647619372e-09,0.0
3.846,10.0,10.000001457186727,-2.1206730489464264e-05,-5.637598069283727e-09,0.0
3.848,10.0,10.000001414967832,-2.1109447362688798e-05,-5.280156826400674e-09,0.0
3.85,10.0,10.000001372972468,-2.0997681642095245e-05,-4.930237426080156e-09,0.0
3.852,10.0,10.000001331228445,-2.0872011762791163e-05,-4.5878821432524925e-09,0.0
3.854,10.0,10.000001289762428,-2.073300849348338e-05,-4.253125634942325e-09,0.0
3.856,10.0,10.000001248599958,-2.0581234707957874e-05,-3.9259948965599146e-09,0.0
3.858,10.0,10.000001207765466,-2.041724518057602e-05,-3.60650970608857e-09,0.0
3.86,10.0,10.000001167282294,-2.0241586389561103e-05,-3.294682722656184e-09,0.0
3.862,10.0,10.0000011271727,-2.0054796336519162e-05,-2.990519772048363e-09,0.0
3.864,10.0,10.00000108745789,-1.9857404376148086e-05,-2.6940200059812923e-09,0.0
3.866,10.0,10.00000104815803,-1.9649931063953025e-05,-2.4051762354969023e-09,0.0
3.868,10.0,10.000001009292253,-1.943288800722857e-05,-2.1239749490747207e-09,0.0
3.87,10.0,10.000000970878697,-1.9206777741191428e-05,-1.8503968093135871e-09,0.0
3.872,10.0,10.00000093293451,-1.8972093601351287e-05,-1.5844165276244351e-09,0.0
3.874,10.0,10.000000895475871,-1.872931962809934e-05,-1.3260035225587001e-09,0.0
3.876,10.0,10.000000858518009,-1.847893046457046e-05,-1.075121739757841e-09,0.0
3.878,10.0,10.000000822075227,-1.8221391272135304e-05,-8.317300009259381e-10,0.0
3.88,10.0,10.000000786160912,-1.7957157657005816e-05,-5.957822167870507e-10,0.0
3.882,10.0,10.00000075078756,-1.768667561131286e-05,-3.672276771993842e-10,0.0
3.884,10.0,10.000000715966797,-1.7410381450571065e-05,-1.4601095176832385e-10,0.0
3.886,10.0,10.000000681709395,-1.712870177923759e-05,6.792751906858544e-11,0.0
3.888,10.0,10.000000648025287,-1.68420534586882e-05,2.7465138332561764e-10,0.0
3.89,10.0,10.000000614923602,-1.6550843574857583e-05,4.742283959728263e-10,0.0
3.892,10.0,10.000000582412662,-1.6255469428118958e-05,6.667299450460718e-10,0.0
3.894,10.0,10.000000550500026,-1.5956318525235746e-05,8.522310099732265e-10,0.0
3.896,10.0,10.000000519192488,-1.5653768578864147e-05,1.0308099996491944e-09,0.0
3.898,10.0,10.000000488496113,-1.5348187526901166e-05,1.2025483196491295e-09,0.0
3.9,10.0,10.000000458416247,-1.5039933543826621e-05,1.3675305401380528e-09,0.0
3.902,10.0,10.000000428957538,-1.4729355064318558e-05,1.5258441241485526e-09,0.0
3.904,10.0,10.000000400123957,-1.4416790821918925e-05,1.6775790909908352e-09,0.0
3.906,10.0,10.000000371918818,-1.4102569884246289e-05,1.822828078088547e-09,0.0
3.908,10.0,10.000000344344793,-1.3787011699685847e-05,1.9616860782907156e-09,0.0
3.91,10.0,10.000000317403941,-1.3470426154340653e-05,2.0942501997093394e-09,0.0
3.912,10.0,10.000000291097713,-1.315311363421085e-05,2.220619531782286e-09,0.0
3.914,10.0,10.000000265426982,-1.2835365080568739e-05,2.340895272012093e-09,0.0
3.916,10.0,10.000000240392058,-1.2517462070630731e-05,2.4551801547444663e-09,0.0
3.918,10.0,10.000000215992705,-1.2199676894024431e-05,2.563578514744225e-09,0.0
3.92,10.0,10.00000019222816,-1.18822726276575e-05,2.6661962953710487e-09,0.0
3.922,10.0,10.000000169097154,-1.1565503227334745e-05,2.763140657055623e-09,0.0
3.924,10.0,10.000000146597925,-1.1249613616903618e-05,2.8545199992413155e-09,0.0
3.926,10.0,10.000000124728246,-1.0934839789342074e-05,2.9404436687241325e-09,0.0
3.928,10.0,10.000000103485428,-1.0621408905844129e-05,3.0210219680503455e-09,0.0
3.93,10.0,10.000000082866348,-1.0309539398901215e-05,3.0963660337538726e-09,0.0
3.932,10.0,10.000000062867466,-9.999441079703122e-06,3.166587706135793e-09,0.0
3.934,10.0,10.000000043484835,-9.691315254190096e-06,3.2317993030348844e-09,0.0
3.936,10.0,10.000000024714124,-9.385354834511031e-06,3.2921136795417655e-09,0.0
3.938,10.0,10.000000006550636,-9.081744460635528e-06,3.3476439675694596e-09,0.0
3.94,10.0,9.999999988989314,-8.780660618421483e-06,3.398503610730792e-09,0.0
3.942,10.0,9.99999997202477,-8.482271768557583e-06,3.4448060858719886e-09,0.0
3.944,10.0,9.999999955651294,-8.186738472444442e-06,3.4866649248512476e-09,0.0
3.946,10.0,9.999999939862867,-7.894213516904077e-06,3.5241936961597896e-09,0.0
3.948,10.0,9.999999924653183,-7.604842047311582e-06,3.557505777646266e-09,0.0
3.95,10.0,9.99999991001566,-7.3187617080778175e-06,3.5867141496705373e-09,0.0
3.952,10.0,9.999999895943454,-7.036102773208726e-06,3.611931562560465e-09,0.0
3.954,10.0,9.999999882429478,-6.756988282778123e-06,3.6332703620263615e-09,0.0
3.956,10.0,9.999999869466409,-6.481534180650777e-06,3.6508424142455185e-09,0.0
3.958,10.0,9.999999857046712,-6.209849458182251e-06,3.6647589273953055e-09,0.0
3.96,10.0,9.99999984516264,-5.942036290944248e-06,3.6751305536523813e-09,0.0
3.962,10.0,9.999999833806259,-5.678190183443677e-06,3.6820671670704554e-09,0.0
3.964,10.0,9.999999822969459,-5.418400112423288e-06,3.6856778440093783e-09,0.0
3.966,10.0,9.99999981264396,-5.1627486699141815e-06,3.686070818526767e-09,0.0
3.968,10.0,9.999999802821335,-4.911312206877628e-06,3.6833534195868994e-09,0.0
3.97,10.0,9.999999793493014,-4.664160978031988e-06,3.6776319950649243e-09,0.0
3.972,10.0,9.999999784650296,-4.421359288285362e-06,3.669011826161551e-09,0.0
3.974,10.0,9.999999776284366,-4.1829656369482685e-06,3.657597124720325e-09,0.0
3.976,10.0,9.9999997683863,-3.9490328609473115e-06,3.64349100468326e-09,0.0
3.978,10.0,9.999999760947082,-3.719608277916666e-06,3.6267954347651944e-09,0.0
3.98,10.0,9.999999753957614,-3.4947338380329084e-06,3.6076109977553975e-09,0.0
3.982,10.0,9.99999974740872,-3.2744462665233756e-06,3.5860370409891014e-09,0.0
3.984,10.0,9.999999741291168,-3.0587772038755295e-06,3.5621716767591733e-09,0.0
3.986,10.0,9.999999735595662,-2.847753353072554e-06,3.536111580085015e-09,0.0
3.988,10.0,9.999999730312869,-2.641396616121449e-06,3.507952170919297e-09,0.0
3.99,10.0,9.99999972543342,-2.439724243624e-06,3.477787281939061e-09,0.0
3.992,10.0,9.999999720947923,-2.242748973984486e-06,3.445709332427089e-09,0.0
3.994,10.0,9.999999716846963,-2.0504791694177793e-06,3.4118093494837473e-09,0.0
3.996,10.0,9.999999713121126,-1.8629189623035552e-06,3.3761766948341446e-09,0.0
3.998,10.0,9.999999709760989,-1.6800683849708614e-06,3.338899375234361e-09,0.0
4.0,10.0,9.999999706757142,-1.501923516256087e-06,3.300063631229212e-09,0.0
